{"type": "FeatureCollection", "crs": {"type": "name", "properties": {"name": "EPSG:4326"}}, "features": [{"type": "Feature", "id": 403, "geometry": {"type": "Polygon", "coordinates": [[[-86.85985078327163, 36.04428217118802], [-86.86214565009635, 36.044582441895614], [-86.86271718028156, 36.04465721198288], [-86.86458026474824, 36.04490094266718], [-86.86491636646515, 36.04494391680666], [-86.86491642464115, 36.04494385151178], [-86.86582170337437, 36.04391202651406], [-86.86582359431564, 36.043909869601904], [-86.86582548526643, 36.04390771356874], [-86.86582737735883, 36.043905562977756], [-86.86582926830076, 36.04390340615346], [-86.86583115920232, 36.04390125557097], [-86.8658330501431, 36.04389909865863], [-86.86583494115271, 36.04389694807533], [-86.86583683210377, 36.04389479212988], [-86.8658387307885, 36.043892640612256], [-86.86584061502766, 36.04389048462709], [-86.8658425060273, 36.04388833316459], [-86.865844396978, 36.04388617721902], [-86.865846287987, 36.04388402663549], [-86.86584818000934, 36.04388186971518], [-86.86585007090987, 36.043879719132406], [-86.865851961909, 36.043877567669725], [-86.86585385946067, 36.04387541158869], [-86.8658557571799, 36.04387326095677], [-86.86585764140958, 36.0438711041802], [-86.86585953350024, 36.043868953588685], [-86.86586143111089, 36.043866802957524], [-86.86586332205002, 36.04386464604472], [-86.865865213058, 36.04386249546089], [-86.86586711174115, 36.04386034394276], [-86.86586900274892, 36.04385819335891], [-86.86587089369813, 36.043856037412866], [-86.86587279129863, 36.04385388590249], [-86.86587468236452, 36.04385174068061], [-86.86587658099832, 36.04384958467925], [-86.86587847199598, 36.04384743321617], [-86.86588037625695, 36.043845277086476], [-86.86588226054373, 36.04384312567158], [-86.86588415815314, 36.04384097503996], [-86.86588605024237, 36.043838824448066], [-86.865887947842, 36.043836672937395], [-86.86588983884864, 36.04383452235315], [-86.86589173645766, 36.043832371721464], [-86.86589363524762, 36.04383022020218], [-86.86589552625396, 36.04382806961782], [-86.86589742386265, 36.043825918986016], [-86.86589932146167, 36.04382376747522], [-86.86590121246769, 36.04382161689078], [-86.86590311115846, 36.043819466251136], [-86.86590500886544, 36.04381731473941], [-86.86590690647367, 36.04381516410748], [-86.86590879747925, 36.0438130135229], [-86.86591069616007, 36.04381086200413], [-86.86591259376796, 36.0438087113721], [-86.8659144914744, 36.04380655986022], [-86.86591639016444, 36.043804409220336], [-86.86591828777203, 36.04380225858824], [-86.86592018554616, 36.04380011331731], [-86.86592208314394, 36.04379796180609], [-86.86592398183362, 36.0437958111661], [-86.8659258728287, 36.04379365970226], [-86.86592777714652, 36.043791509021766], [-86.86592967481285, 36.04378936383939], [-86.86593157361033, 36.043787213198506], [-86.8659334712075, 36.04378506168709], [-86.86593536881414, 36.04378291105468], [-86.86593726647915, 36.043780765784355], [-86.8659391652666, 36.04377861426429], [-86.86594106287298, 36.04377646363176], [-86.86594296053859, 36.04377431844923], [-86.86594486592823, 36.0437721668816], [-86.86594676358314, 36.04377001079828], [-86.86594866130687, 36.04376787097767], [-86.86595055890315, 36.04376571946597], [-86.86595246430197, 36.04376356877731], [-86.86595436207521, 36.043761423593786], [-86.86595625972959, 36.04375927744405], [-86.86595816512808, 36.0437571267553], [-86.86596006279281, 36.043754981572455], [-86.86596196039801, 36.0437528309396], [-86.86596386584506, 36.04375068473374], [-86.86596576355831, 36.04374853410007], [-86.86596766782509, 36.04374638886968], [-86.86596956552852, 36.043744237356904], [-86.86597147098476, 36.04374209202997], [-86.86597336858934, 36.043739941396964], [-86.86597527295436, 36.0437377952866], [-86.86597717169953, 36.04373565000779], [-86.86597907601457, 36.043733499326436], [-86.86598097367812, 36.043731354143254], [-86.86598287906571, 36.043729202575044], [-86.86598477683636, 36.04372705730314], [-86.86598668110211, 36.043724912072406], [-86.86598858655834, 36.04372276683309], [-86.86599049086217, 36.04372061518461], [-86.86599238852517, 36.04371847000127], [-86.86599429398109, 36.043716324761846], [-86.865996198344, 36.0437141785633], [-86.86599810265801, 36.043712027881654], [-86.86600000140292, 36.04370988269033], [-86.86600190577511, 36.043707737370696], [-86.86600381013855, 36.04370559125989], [-86.86600571559295, 36.04370344593244], [-86.86600761996579, 36.04370130070055], [-86.86600952535193, 36.04369914913191], [-86.86601142972359, 36.043697003812106], [-86.86601333398788, 36.04369485858095], [-86.86883306616195, 36.04051747555368], [-86.86883499772462, 36.04051529667276], [-86.86883693599857, 36.04051311783126], [-86.86883886631091, 36.040510933508834], [-86.86884079798243, 36.040508754714935], [-86.8688427361565, 36.04050657666529], [-86.86884466771863, 36.04050439778414], [-86.86884659922205, 36.04050221354095], [-86.8688485297017, 36.04050003466758], [-86.86885046126447, 36.04049785587427], [-86.86885239276661, 36.04049567154305], [-86.86885432432919, 36.04049349274965], [-86.86885625475935, 36.04049130939312], [-86.86885818632074, 36.04048913051176], [-86.86886011788202, 36.040486951630406], [-86.86886204949286, 36.040484767386154], [-86.86886397320254, 36.040482583198816], [-86.86886590476357, 36.04048040431738], [-86.86886783626485, 36.04047821998588], [-86.86886976674424, 36.040476041200044], [-86.86887169825589, 36.04047385783544], [-86.86887362315468, 36.04047167355148], [-86.86887554686375, 36.04046948936401], [-86.86887747842408, 36.04046731048235], [-86.86887940998528, 36.040465131688535], [-86.86888133482503, 36.04046294204236], [-86.86888325853367, 36.04046075785474], [-86.86888519003402, 36.04045857352296], [-86.86888711493302, 36.04045638932671], [-86.86888903869995, 36.040454210501004], [-86.86889097020098, 36.04045202625704], [-86.86889289510923, 36.04044984293969], [-86.86889481881722, 36.040447658751894], [-86.86889674360654, 36.04044547446833], [-86.86889866844626, 36.04044328490978], [-86.86890058555082, 36.04044110068153], [-86.86890251705115, 36.04043891643741], [-86.86890444184097, 36.04043673224158], [-86.8689063656566, 36.040434548052794], [-86.86890829044522, 36.040432363769035], [-86.86891021528434, 36.04043017421029], [-86.86891213899044, 36.040427989934265], [-86.86891406388797, 36.040425805737556], [-86.86891598867716, 36.040423621541564], [-86.86891791243256, 36.04042143190257], [-86.86891983061935, 36.04041924775419], [-86.8689217543249, 36.040417063477996], [-86.86892367245281, 36.0404148739674], [-86.86892558955599, 36.04041268973879], [-86.86892751439417, 36.04041050017977], [-86.86892943918164, 36.04040831589566], [-86.86893135622682, 36.04040612639274], [-86.86893328760632, 36.04040393124815], [-86.86893519925924, 36.040401753476075], [-86.86893711618531, 36.040399563006915], [-86.86893904102189, 36.04039737335983], [-86.86894095813477, 36.040395190097826], [-86.86894287626073, 36.040393000499066], [-86.86894479330418, 36.040390810908015], [-86.86894671148949, 36.04038862675914], [-86.8689486296151, 36.04038643716027], [-86.86895055326046, 36.04038424752149], [-86.86895247138683, 36.040382058010515], [-86.86895438842015, 36.040379867540246], [-86.86895629983493, 36.04037767798966], [-86.86895821687772, 36.040375488398425], [-86.86896012840047, 36.04037329884691], [-86.86896205204518, 36.04037110920802], [-86.86896397017092, 36.040368919696796], [-86.8689658882956, 36.040366730097595], [-86.86896779873562, 36.04036454055383], [-86.8689697168601, 36.04036235095459], [-86.8689716337948, 36.04036016145178], [-86.86897354531685, 36.04035797190011], [-86.86897546235866, 36.04035578230861], [-86.86897737371365, 36.04035358739552], [-86.8689792907552, 36.0403513978039], [-86.86898120227687, 36.04034920825213], [-86.86898311921, 36.040347018661265], [-86.86898503067279, 36.04034482374732], [-86.86898694100354, 36.040342634203995], [-86.86898885906831, 36.04034043924238], [-86.86899076950708, 36.04033824969818], [-86.8689926809198, 36.04033606014698], [-86.86899459119151, 36.04033386524144], [-86.86899650163, 36.04033167569722], [-86.86899841298379, 36.04032948078377], [-86.86900032348164, 36.04032729668947], [-86.86900224147645, 36.0403250953986], [-86.86900414503624, 36.040322900453425], [-86.86900604984704, 36.0403207110375], [-86.86900796676883, 36.040318510633355], [-86.86900987828888, 36.04031632108111], [-86.86901178861828, 36.04031413153733], [-86.86901370007946, 36.04031193662294], [-86.86901561029043, 36.04030973626708], [-86.86901751401729, 36.040307546770876], [-86.86901942536997, 36.04030535185714], [-86.86902133569882, 36.040303162313236], [-86.86902324037987, 36.04030096111808], [-86.86902515081674, 36.04029877157332], [-86.86902705556678, 36.040296576707064], [-86.86902896583659, 36.040294381801], [-86.86903086956276, 36.04029219230456], [-86.86903277425291, 36.04028999198823], [-86.8690346845224, 36.040287797082094], [-86.86903658927095, 36.040285602127746], [-86.86903849286884, 36.04028340094015], [-86.86904040313802, 36.04028120603385], [-86.86904230788723, 36.040279011167364], [-86.86904421155302, 36.04027681622076], [-86.86904611521972, 36.04027462136195], [-86.86904801990903, 36.04027242104544], [-86.86904993017768, 36.04027022613897], [-86.86905182831455, 36.04026803044088], [-86.86905373181297, 36.040265830132874], [-86.86905563547813, 36.04026363518601], [-86.86905754022655, 36.040261440319235], [-86.86905944383288, 36.04025924001034], [-86.8690613474987, 36.040257045151336], [-86.86906324546713, 36.040254844003876], [-86.86906514913278, 36.0402526491448], [-86.86906705273869, 36.04025044883574], [-86.86906895077504, 36.040248253929285], [-86.86907085438176, 36.040246053708074], [-86.86907275804599, 36.04024385876096], [-86.86907465601377, 36.040241657613315], [-86.86907655967875, 36.040239462754094], [-86.86907845657367, 36.04023726249319], [-86.86908036126117, 36.04023506217612], [-86.86908225826505, 36.04023286200233], [-86.8690841551596, 36.04023066174134], [-86.86908605983716, 36.04022846054513], [-86.8690879567902, 36.04022626564621], [-86.86908985379361, 36.04022406547227], [-86.86909175068779, 36.04022186521121], [-86.86909364866415, 36.04021966494226], [-86.86909555225886, 36.0402174637537], [-86.86909744915272, 36.04021526349254], [-86.86909934615466, 36.04021306323056], [-86.86910124413063, 36.04021086296151], [-86.86910314101452, 36.04020866182122], [-86.86910503130575, 36.04020646160753], [-86.86910693599275, 36.040204261377895], [-86.86910882622419, 36.04020205571419], [-86.86911071651608, 36.040199855588334], [-86.86911262000064, 36.04019765431236], [-86.86911451029232, 36.040195454186396], [-86.86911640837567, 36.04019325391637], [-86.86911830520874, 36.04019104820487], [-86.86912019548953, 36.04018884711189], [-86.86912209244157, 36.0401866523003], [-86.86912398369587, 36.040184441266476], [-86.86912588058811, 36.04018224100483], [-86.86912777080985, 36.04018003454967], [-86.86912966770194, 36.04017783428795], [-86.86913155799166, 36.04017563407384], [-86.86913345590723, 36.04017342844224], [-86.86913534612754, 36.04017122189904], [-86.869137236417, 36.04016902168486], [-86.86913911993732, 36.04016681615695], [-86.8691410168287, 36.04016461589505], [-86.86914291484236, 36.040162409383434], [-86.8691448050718, 36.04016020371914], [-86.86914669525343, 36.040158003593476], [-86.86914858547306, 36.04015579705009], [-86.86915047570317, 36.0401535914736], [-86.86915236701452, 36.04015138580135], [-86.86915425730395, 36.040149185674785], [-86.86915614081275, 36.04014697917964], [-86.86915803104243, 36.04014477360307], [-86.86915992116276, 36.040142567939284], [-86.86916181132302, 36.04014035603363], [-86.86916369490062, 36.040138155867375], [-86.8691655862122, 36.040135950282824], [-86.86916747643077, 36.04013374373913], [-86.86916935994937, 36.040131538210744], [-86.86917125011871, 36.04012932718395], [-86.86917313368617, 36.04012712613853], [-86.8691750239149, 36.04012492056163], [-86.86917690743314, 36.04012271503313], [-86.86917879759147, 36.040120503039255], [-86.86918068219177, 36.04011829750283], [-86.86918256581794, 36.040116091973495], [-86.86918445593692, 36.04011388630929], [-86.86918633949362, 36.04011167445086], [-86.86918822301121, 36.04010946892219], [-86.8691901065287, 36.04010726339341], [-86.86919198997688, 36.04010505153566], [-86.86919387355279, 36.04010285136893], [-86.86919575710897, 36.04010063951032], [-86.86919764056644, 36.04009842853149], [-86.86919951748027, 36.04009622296231], [-86.8692014075301, 36.040094011056794], [-86.8692032922374, 36.040091805519246], [-86.86920517569443, 36.04008959454029], [-86.86920705920139, 36.04008738813227], [-86.86920894276645, 36.04008517715246], [-86.86921081944357, 36.04008295989282], [-86.86921270301843, 36.0400807597258], [-86.86921458658317, 36.04007854874586], [-86.8692164633196, 36.04007633693614], [-86.86921834688413, 36.04007412595618], [-86.86922022368954, 36.040071920475405], [-86.86922210724425, 36.04006970861634], [-86.86922398398987, 36.04006749768547], [-86.86922586754437, 36.04006528582637], [-86.86922774428976, 36.04006307489549], [-86.8692296211433, 36.04006086396374], [-86.8692315045893, 36.04005865210532], [-86.86923338144258, 36.04005644117357], [-86.8692352582275, 36.0400542240006], [-86.86923713503103, 36.040052018431666], [-86.86923901859537, 36.0400498075393], [-86.86924089533042, 36.04004759572914], [-86.86924277218326, 36.0400453847972], [-86.86924465562844, 36.04004317293855], [-86.86924652577065, 36.040040962054974], [-86.86924840262311, 36.04003875112292], [-86.86925027940626, 36.040036533861866], [-86.86925214954816, 36.040034322978215], [-86.86925402639069, 36.04003211116706], [-86.86925590313452, 36.04002990023568], [-86.86925777331608, 36.040027683110026], [-86.8692596500597, 36.040025472178606], [-86.86926152685278, 36.040023255884314], [-86.86926340369479, 36.04002104407298], [-86.86926527383598, 36.04001883318906], [-86.86926714942763, 36.040016615936324], [-86.8692690196768, 36.04001440505161], [-86.86927089635155, 36.040012187878894], [-86.86927276649226, 36.040009976994874], [-86.86927464327403, 36.040007759733435], [-86.86927651335594, 36.040005543487275], [-86.86927838359493, 36.04000333172336], [-86.86928026027779, 36.04000111534161], [-86.86928213034977, 36.039998898216346], [-86.86928400059811, 36.03999668733135], [-86.8692858706785, 36.03999447099718], [-86.8692877407501, 36.03999225387177], [-86.86928960974896, 36.03999003763328], [-86.86929147987806, 36.03998782578201], [-86.86929335666937, 36.039985609487154], [-86.86929521348668, 36.03998339781981], [-86.86929709021824, 36.03998117607494], [-86.86929896028826, 36.039978958861475], [-86.86930083036877, 36.03997674261496], [-86.86930270043862, 36.03997452540147], [-86.86930456943658, 36.039972309162664], [-86.86930643290407, 36.03997009199672], [-86.86930830298417, 36.03996787575008], [-86.86931017305362, 36.039965658536445], [-86.86931203653135, 36.03996344233735], [-86.8693139065419, 36.039961219761615], [-86.86931576899576, 36.03995900893232], [-86.8693176390061, 36.03995678635651], [-86.86931950248344, 36.039954570157306], [-86.86932137255226, 36.03995235294351], [-86.86932323585191, 36.039950130415995], [-86.86932510603931, 36.03994791416827], [-86.86932696831506, 36.0399456970106], [-86.86932883173225, 36.03994347536128], [-86.86933069509017, 36.03994125819574], [-86.86933256521847, 36.03993903658583], [-86.86933442857618, 36.03993681942023], [-86.86933629199297, 36.03993459777079], [-86.86933815426809, 36.03993238061292], [-86.86934001768563, 36.03993015905134], [-86.86934188115114, 36.03992794188479], [-86.8693437378475, 36.03992571940463], [-86.86934560684222, 36.039923503077304], [-86.86934746353836, 36.039921280597035], [-86.86934932695443, 36.039919058947326], [-86.8693511903121, 36.039916841869385], [-86.86935305372795, 36.03991462021967], [-86.86935491605176, 36.039912397698664], [-86.86935676603701, 36.039910175266655], [-86.86935863611338, 36.03990795893129], [-86.86936049172647, 36.039905736458635], [-86.86936235514175, 36.03990351480882], [-86.86936421189658, 36.03990129777825], [-86.86936607525209, 36.03989907067832], [-86.86936793086477, 36.03989684820558], [-86.86936979416187, 36.0398946256773], [-86.8693716442641, 36.039892404123314], [-86.8693735076692, 36.039890181594224], [-86.86937536989322, 36.039887959952765], [-86.86937722658772, 36.03988573747202], [-86.8693790832821, 36.03988351499126], [-86.86938093890367, 36.039881293397315], [-86.86938279570607, 36.039879070915696], [-86.86938465235016, 36.03987684386391], [-86.8693865156463, 36.03987462133538], [-86.86938837790959, 36.03987239345178], [-86.86939021464869, 36.03987017735646], [-86.86939207799409, 36.039867949464984], [-86.86939393360532, 36.03986572699177], [-86.86939579030839, 36.03986350538976], [-86.86939764694212, 36.03986127745876], [-86.86939950256267, 36.0398590558645], [-86.86940135259402, 36.03985682798102], [-86.86940320928707, 36.039854605499904], [-86.86940506484866, 36.039852378543465], [-86.86940691493932, 36.039850156109935], [-86.86940877163204, 36.03984793362869], [-86.86941062048197, 36.0398457066327], [-86.86941247711584, 36.03984347878931], [-86.86941432720518, 36.03984125626775], [-86.86941617605575, 36.039839029359584], [-86.86941803279655, 36.03983680142741], [-86.86941988163728, 36.039834573640164], [-86.86942173833891, 36.03983235203774], [-86.86942358836906, 36.03983012415393], [-86.86942543720947, 36.03982789636657], [-86.86942728724905, 36.039825669361754], [-86.86942913614794, 36.03982344693639], [-86.8694309927798, 36.03982121900481], [-86.86943284281998, 36.03981899208779], [-86.86943469165894, 36.03981676421239], [-86.86943654168928, 36.03981453641628], [-86.86943839172824, 36.03981230941129], [-86.86944023396569, 36.03981008167131], [-86.86944208388655, 36.039807853788005], [-86.86944393284384, 36.039805626878604], [-86.8694457827645, 36.0398033989952], [-86.86944763171095, 36.03980117111882], [-86.8694494749706, 36.03979893792096], [-86.86945132490152, 36.0397967110044], [-86.8694531738477, 36.03979448312793], [-86.86945501716565, 36.03979225529201], [-86.86945686601396, 36.03979002838321], [-86.86945870938133, 36.039787795184374], [-86.86946055821883, 36.03978556730856], [-86.86946240153742, 36.03978333956047], [-86.86946424372351, 36.03978110724919], [-86.8694660937513, 36.03977887936467], [-86.86946793587803, 36.03977665153721], [-86.86946977924472, 36.03977441833822], [-86.86947162809219, 36.03977219142914], [-86.86947347135053, 36.03976995823086], [-86.86947531358504, 36.03976773040249], [-86.86947715684317, 36.039765497204144], [-86.86947899902844, 36.039763264892635], [-86.86948084234503, 36.03976103705633], [-86.86948268452046, 36.03975880386571], [-86.86948452124525, 36.03975657704393], [-86.86948637781536, 36.03975434374941], [-86.86948821327921, 36.039752110519245], [-86.86949005545425, 36.03974987732848], [-86.86949189210938, 36.03974764417761], [-86.8694937343535, 36.03974541731583], [-86.86949557761054, 36.039743184117235], [-86.8694974197842, 36.03974095083848], [-86.8694992563307, 36.039738717688216], [-86.86950109850513, 36.039736484497325], [-86.86950293522888, 36.03973425767519], [-86.86950477740312, 36.03973202448427], [-86.86950661394823, 36.03972979124601], [-86.86950845612226, 36.039727558055006], [-86.86951029159542, 36.0397253257914], [-86.86951212824941, 36.039723092640166], [-86.86951397036353, 36.03972085399908], [-86.86951580701734, 36.0397186208478], [-86.86951764248045, 36.03971638770508], [-86.86951947914365, 36.0397141554327], [-86.86952132120872, 36.03971192224226], [-86.8695231578621, 36.03970968909086], [-86.86952499326523, 36.03970745049805], [-86.86952682883609, 36.03970521735438], [-86.8695286653905, 36.03970298508271], [-86.86953050090152, 36.03970074648901], [-86.86953233744616, 36.0396985133382], [-86.86953417301659, 36.03969628019441], [-86.869536001817, 36.039694041649064], [-86.8695378383613, 36.039691808498205], [-86.86953967388237, 36.03968957087128], [-86.86954150934419, 36.03968733772818], [-86.86954334593676, 36.039685099126515], [-86.86954517468803, 36.03968286603173], [-86.86954701128045, 36.03968062742999], [-86.8695488401397, 36.0396783943344], [-86.8695506755519, 36.03967615670809], [-86.8695476723008, 36.03967490843557], [-86.86954468214537, 36.03967365013468], [-86.86954169749013, 36.039672380102004], [-86.86953872706252, 36.039671094670304], [-86.86953576429883, 36.03966979740326], [-86.8695328068685, 36.03966848304323], [-86.86952985603993, 36.03966715870166], [-86.86952691931057, 36.03966581711585], [-86.86952398825795, 36.03966447003857], [-86.86952107125641, 36.03966310132202], [-86.8695181676055, 36.03966172609157], [-86.8695152569697, 36.0396603357031], [-86.86951236633624, 36.039658933390285], [-86.86950948321044, 36.03965751484782], [-86.86950661218603, 36.03965608443808], [-86.86950374884573, 36.03965464403899], [-86.86950089083882, 36.039653186546836], [-86.86949804721678, 36.03965171813799], [-86.86949521668082, 36.03965023882169], [-86.86949239272649, 36.0396487476779], [-86.86948958299975, 36.03964724113509], [-86.86948677877326, 36.039645722860485], [-86.8694839820438, 36.03964418738941], [-86.8694812052883, 36.03964264729067], [-86.86947844155925, 36.03964109083459], [-86.86947566995839, 36.03963951729281], [-86.86947292054602, 36.03963794367882], [-86.8694701831265, 36.03963634826449], [-86.86946745337184, 36.039634741102724], [-86.86946473563056, 36.0396331239205], [-86.86946203226455, 36.03963149494245], [-86.86945933538254, 36.03962985510465], [-86.86945665174443, 36.03962819899582], [-86.86945397572067, 36.03962653641459], [-86.86945131836298, 36.03962485849021], [-86.86944866866922, 36.03962316873055], [-86.86944602556768, 36.03962146811038], [-86.86944340219335, 36.03961975020542], [-86.8694407853722, 36.03961802776969], [-86.86943818178445, 36.03961628809602], [-86.86943559913503, 36.03961454290871], [-86.8694330153338, 36.039612781466374], [-86.86943044570093, 36.039611009108846], [-86.86942788942933, 36.039609231204416], [-86.86942534617556, 36.039607436151506], [-86.86942280951396, 36.039605630238086], [-86.8694202938394, 36.03960381336027], [-86.86941778475608, 36.039601985534034], [-86.86941529546056, 36.039600145960925], [-86.86941281258848, 36.039598289990145], [-86.8694103430891, 36.039596429527386], [-86.8694078866653, 36.03959455719028], [-86.86940543801464, 36.03959267310508], [-86.86940300906275, 36.039590779031776], [-86.86940059340188, 36.03958887299468], [-86.86939818440341, 36.039586962514036], [-86.86939579513223, 36.03958503474855], [-86.86939341341767, 36.03958309523649], [-86.86939105172473, 36.03958114555827], [-86.86938869538572, 36.03957919056676], [-86.86938636115417, 36.03957721818535], [-86.86938403227559, 36.03957524040278], [-86.86938172335135, 36.03957324630084], [-86.86937942205198, 36.03957124669339], [-86.86937714064679, 36.0395692351625], [-86.86937486579576, 36.03956721918873], [-86.86937261077921, 36.03956518584153], [-86.86937036332988, 36.03956314171474], [-86.86936813482029, 36.039561097363276], [-86.86936592040077, 36.039559025042735], [-86.86936371936213, 36.03955695886723], [-86.86936153269973, 36.039554880983815], [-86.86935935799112, 36.03955278762995], [-86.8693571976082, 36.03955068784318], [-86.8693550505182, 36.03954857626849], [-86.86935292329291, 36.039546459979086], [-86.8693507959505, 36.03954433296549], [-86.86934870295654, 36.03954219937458], [-86.86934662195537, 36.039540043983365], [-86.86934454203762, 36.03953788867224], [-86.86934248191633, 36.039535722405326], [-86.86934044278107, 36.03953354508615], [-86.86933841581836, 36.03953136240453], [-86.86933640322904, 36.03952916775136], [-86.86933440372674, 36.03952696227876], [-86.8693324174784, 36.039524751348026], [-86.86933045232433, 36.039522529364234], [-86.86932849252324, 36.03952030197929], [-86.86932656041863, 36.039518063493716], [-86.8693246348479, 36.039515818719316], [-86.86932272919246, 36.03951356395538], [-86.8693208312, 36.03951129726826], [-86.8693189596667, 36.03950902511566], [-86.86931710149456, 36.03950674741618], [-86.86931524973718, 36.03950445252806], [-86.86931341801234, 36.03950215837445], [-86.8693116071663, 36.039499853257304], [-86.86930980967274, 36.03949754180214], [-86.86930801757993, 36.03949521940722], [-86.86930625415943, 36.03949288608042], [-86.8693045096786, 36.03949055252903], [-86.86930276616293, 36.039488208245714], [-86.86930104255096, 36.03948585291792], [-86.86929933878537, 36.03948349120534], [-86.86929765596686, 36.039481124770305], [-86.86929597881642, 36.03947875205279], [-86.86929432914587, 36.039476368236144], [-86.86929268606848, 36.03947397364695], [-86.86929106290575, 36.039471578914046], [-86.86928945412694, 36.03946917317654], [-86.86928786530281, 36.039466761053475], [-86.8692862962351, 36.039464344216526], [-86.86928473385817, 36.03946191563931], [-86.86928319241966, 36.03945948154853], [-86.86928166987266, 36.03945704283803], [-86.86928016154208, 36.03945459760753], [-86.86927866759737, 36.03945214154829], [-86.86927719252401, 36.03944967902332], [-86.86927573845723, 36.03944721722587], [-86.86927429758478, 36.03944474452041], [-86.86927286983739, 36.03944225457778], [-86.8692714622417, 36.03943977626965], [-86.86927006891206, 36.039437286078716], [-86.86926869548712, 36.03943478493127], [-86.86926734191813, 36.039432278278014], [-86.8692660016617, 36.039429771528745], [-86.86926467568091, 36.039427253775656], [-86.86926337637564, 36.03942473055553], [-86.86926208360244, 36.03942220087086], [-86.86926081080307, 36.03941966655864], [-86.86925955899106, 36.039417131215956], [-86.8692583203829, 36.03941458584416], [-86.86925710172943, 36.039412034086865], [-86.86925590303825, 36.039409476647215], [-86.8692547186842, 36.039406913829495], [-86.86925354645118, 36.03940435083647], [-86.86925240299779, 36.03940177682288], [-86.8692512651138, 36.039399197406624], [-86.86925015482892, 36.03939661779123], [-86.86924905681325, 36.03939403175785], [-86.8692479731434, 36.039391441137525], [-86.86924691034166, 36.039388838586845], [-86.86924586654969, 36.039386242228396], [-86.869244843735, 36.039383634026656], [-86.86924383406597, 36.03938102036759], [-86.86924283890866, 36.03937840739498], [-86.86924186922573, 36.039375787997066], [-86.86903455920705, 36.03881241335658], [-86.86903366005728, 36.0388099475539], [-86.86903276078971, 36.03880748087299], [-86.86903186721844, 36.03880502039257], [-86.86903098132254, 36.03880254913179], [-86.86903010208741, 36.03880008318547], [-86.86902922285228, 36.03879761723915], [-86.8690283501511, 36.038795145004094], [-86.86902748416887, 36.038792673511715], [-86.86902662489794, 36.03879020205886], [-86.86902577221858, 36.03878772959155], [-86.8690249205725, 36.03878525263326], [-86.86902407455452, 36.038782775634374], [-86.86902323621135, 36.03878029770111], [-86.8690224035058, 36.038777820606256], [-86.86902157176479, 36.0387753426253], [-86.869020745711, 36.03877286011994], [-86.8690199406434, 36.0387703764962], [-86.86901911556289, 36.03876789389591], [-86.86901831049636, 36.03876541036013], [-86.86901751204057, 36.03876292756782], [-86.86901671362484, 36.03876043853356], [-86.86901592182087, 36.03875795033074], [-86.86901513769162, 36.038755461193546], [-86.86901435920005, 36.03875297289466], [-86.86901358069893, 36.0387504837168], [-86.86901281664116, 36.03874798898436], [-86.86901205140349, 36.038745495227445], [-86.86901128723756, 36.03874300049578], [-86.86901053638404, 36.038740505668095], [-86.86900978445881, 36.038738011815134], [-86.86900904696638, 36.038735511440635], [-86.8690083093667, 36.0387330111549], [-86.86900758507943, 36.038730510773114], [-86.86900684758804, 36.038728010486494], [-86.86900613002075, 36.038725510935315], [-86.86900541352523, 36.03872301040937], [-86.86900470249184, 36.038720504569454], [-86.8690039914575, 36.03871799864166], [-86.86900329492612, 36.038715492609235], [-86.86900260385592, 36.03871298117497], [-86.86900191398628, 36.0387104805449], [-86.8690012307183, 36.038707969933434], [-86.86900055301916, 36.03870546376516], [-86.8689998763438, 36.03870295222704], [-86.86899921297977, 36.038700440504996], [-86.86899854972503, 36.038697928870036], [-86.86899789290453, 36.03869541173832], [-86.86899724296222, 36.03869290000732], [-86.8689965928521, 36.03869038282723], [-86.8689959572449, 36.03868786554248], [-86.86899532043755, 36.038685347387265], [-86.86899469143347, 36.038682830142804], [-86.86899406794817, 36.03868031277065], [-86.86899345219685, 36.03867778998017], [-86.8689928354219, 36.038675272559566], [-86.86899222638002, 36.03867274963283], [-86.86899162394121, 36.038670226746376], [-86.86899102821266, 36.03866770381147], [-86.86899043907566, 36.03866517986206], [-86.86898984994927, 36.03866265687956], [-86.86898928078593, 36.03866012830266], [-86.86898869836988, 36.03865760527178], [-86.8689881302889, 36.03865507668707], [-86.86898756100783, 36.038652547231926], [-86.86898700623922, 36.03865001855122], [-86.86898645038842, 36.038647489878336], [-86.86898590233116, 36.038644961237175], [-86.86898535961527, 36.038642426139994], [-86.86898482486949, 36.03863989731487], [-86.86898430337736, 36.03863736303167], [-86.86898376845421, 36.03863482787834], [-86.86898324696213, 36.03863229359514], [-86.86898273206161, 36.03862975829736], [-86.86898222377377, 36.03862722391894], [-86.86898171553459, 36.038624684089754], [-86.86898122174001, 36.038622148727676], [-86.86898072681322, 36.03861960880245], [-86.86898023301774, 36.03861707335248], [-86.86897975800538, 36.03861453328368], [-86.8689792774733, 36.03861199325462], [-86.86897881024396, 36.03860945225057], [-86.8689783418337, 36.038606912134085], [-86.86897788131472, 36.038604371081625], [-86.86897742734878, 36.038601825498475], [-86.8689769800339, 36.03859928435083], [-86.86897653277829, 36.0385967387193], [-86.86897609871622, 36.038594192025606], [-86.8689756659139, 36.03859165165233], [-86.86897523856214, 36.03858910491025], [-86.86897481122101, 36.038586559135105], [-86.86897439831351, 36.038584006926335], [-86.86897398427419, 36.03858146008825], [-86.86897357803801, 36.03857891416088], [-86.86897317839329, 36.03857636721899], [-86.8689727854099, 36.03857381574564], [-86.86897239901896, 36.03857126334562], [-86.86897201160532, 36.0385687164034], [-86.8689716396673, 36.03856615932788], [-86.86897126675659, 36.03856361228109], [-86.8689709003883, 36.0385610597367], [-86.86897052731942, 36.03855850811971], [-86.86897017420392, 36.0385559500293], [-86.8689698155101, 36.03855338661665], [-86.86896944909196, 36.03855082950129], [-86.86896908266523, 36.03854827159484], [-86.86896872278093, 36.03854570819068], [-86.86896834304095, 36.03854315029236], [-86.86896796990304, 36.03854059234632], [-86.86896759796625, 36.03853803535864], [-86.86896722487798, 36.038535472049794], [-86.86896684513808, 36.038532914151396], [-86.86896646529091, 36.038530356341646], [-86.86896608556073, 36.03852779932232], [-86.86896569921882, 36.038525241471476], [-86.86896531948, 36.03852268366098], [-86.86896493302997, 36.03852012581095], [-86.8689645389062, 36.03851756898328], [-86.8689641524562, 36.03851501113325], [-86.86896375940422, 36.03851245333082], [-86.86896336648104, 36.03850990730736], [-86.8689629667188, 36.03850734955334], [-86.86896257258556, 36.038504791846606], [-86.86896217282342, 36.038502234092604], [-86.86896177318008, 36.038499677304685], [-86.86896136562541, 36.03849711960685], [-86.86896095932087, 36.038494567350405], [-86.86896055296734, 36.038492010610845], [-86.86896014557962, 36.038489458274285], [-86.86895973250627, 36.03848690070415], [-86.86895931841887, 36.03848434938292], [-86.86895890534461, 36.03848179172481], [-86.86895849135593, 36.038479239523745], [-86.86895807157241, 36.03847668200198], [-86.8689576508831, 36.03847413072833], [-86.86895723126652, 36.03847157856785], [-86.86895680379783, 36.038469021013604], [-86.86895638300034, 36.038466469740726], [-86.86895595678176, 36.038463917627844], [-86.86895552266247, 36.038461365571905], [-86.86895509526308, 36.03845881434665], [-86.86895466227477, 36.03845625683214], [-86.86895421495147, 36.038453704871436], [-86.86895378755216, 36.03845115364618], [-86.86895334683093, 36.038448601637846], [-86.86895290610975, 36.038446049629535], [-86.86895246545784, 36.03844350395022], [-86.86895202575943, 36.038440946484094], [-86.86895157850549, 36.0384384008524], [-86.86895113107319, 36.038435848804546], [-86.86895067703989, 36.03843329689217], [-86.86895022972647, 36.038430745810544], [-86.8689497757528, 36.038428199348175], [-86.86894932171957, 36.03842564743582], [-86.86894886769596, 36.0384230964025], [-86.86894839921861, 36.03842054995683], [-86.86894793859302, 36.03841799897112], [-86.86894747784964, 36.03841544710711], [-86.86894701727408, 36.03841290069235], [-86.868946549997, 36.038410355117115], [-86.86894608146115, 36.03840780330932], [-86.86894560758306, 36.03840525786954], [-86.86894514023777, 36.038402706053176], [-86.86894466516819, 36.03840016053414], [-86.8689441845703, 36.03839761426372], [-86.86894371068173, 36.038395067857024], [-86.86894322884342, 36.038392517024256], [-86.86894274824466, 36.038389970665946], [-86.86894225986394, 36.03838742533076], [-86.86894177926523, 36.03838487897237], [-86.86894129759483, 36.03838233358886], [-86.86894079697363, 36.03837978737487], [-86.86894031529368, 36.038377241112244], [-86.86893982139246, 36.038374695728955], [-86.8689393264589, 36.03837215492444], [-86.86893883136813, 36.038369609637606], [-86.8689383374574, 36.03836706337527], [-86.86893783576465, 36.038364518136035], [-86.86893733406141, 36.03836197192984], [-86.86893683361889, 36.03835943213202], [-86.8689363252054, 36.03835688597422], [-86.86893581696943, 36.038354346144715], [-86.86893530866425, 36.0383517999861], [-86.8689348002615, 36.03834925479526], [-86.86893428530573, 36.038346714135066], [-86.86893377155018, 36.038344174345326], [-86.86893325653588, 36.038341628323025], [-86.86893273487956, 36.038339088590206], [-86.86893222003214, 36.03833654792921], [-86.86893169831635, 36.03833400274648], [-86.86893117004853, 36.038331462182185], [-86.86893064850061, 36.03832892244861], [-86.8689301191505, 36.038326381892205], [-86.86892959089239, 36.03832384220699], [-86.86892905592408, 36.038321302570175], [-86.8689285276564, 36.03831876200596], [-86.86892798608706, 36.03831622250464], [-86.86892745781853, 36.038313681852486], [-86.86892691516695, 36.03831114235894], [-86.86892637358619, 36.03830860180276], [-86.8689258320756, 36.03830606766352], [-86.86892529727538, 36.03830353347586], [-86.8689247412415, 36.03830098766144], [-86.86892419302077, 36.03829845357052], [-86.86892364364864, 36.03829591315845], [-86.86892309553524, 36.03829337897888], [-86.86892253956113, 36.03829083861439], [-86.86892198473855, 36.038288304571104], [-86.86892142877413, 36.03828576508563], [-86.86892087394197, 36.0382832301633], [-86.86892031792797, 36.03828069604071], [-86.8689197497241, 36.03827815576438], [-86.86891918050713, 36.03827562182486], [-86.86891861897355, 36.03827308774203], [-86.86891804974702, 36.038270552923514], [-86.86891748053014, 36.03826801898396], [-86.86891691131233, 36.03826548495653], [-86.86891633645801, 36.03826295017856], [-86.86891575392801, 36.03826041624713], [-86.86891518471131, 36.038257882307626], [-86.86891460206354, 36.038255347497916], [-86.86891401959423, 36.03825281910438], [-86.86891343814665, 36.0382502851651], [-86.86891285560823, 36.03824775044251], [-86.86891226648642, 36.0382452273715], [-86.86891168389809, 36.03824268807795], [-86.86891109464952, 36.03824015340371], [-86.86891049875898, 36.03823762501898], [-86.86890990297668, 36.03823509663352], [-86.86890931372824, 36.0382325619593], [-86.86890871123575, 36.03823003362218], [-86.86890811545356, 36.03822750523664], [-86.86890751180974, 36.03822497057829], [-86.86890690931833, 36.038222442329065], [-86.86890630682605, 36.03821991399193], [-86.86890569773175, 36.038217385702374], [-86.86890508851971, 36.038214856534566], [-86.86890447834321, 36.03821232825283], [-86.86890386924905, 36.03820979996329], [-86.86890325344466, 36.03820727172213], [-86.86890264315045, 36.038204742562094], [-86.86890202734713, 36.03820221440883], [-86.86890139720694, 36.03819969163351], [-86.86890076743134, 36.03819710318698], [-86.86890012985259, 36.038194513829644], [-86.86889949347406, 36.038191925342744], [-86.86889885584645, 36.038189331502366], [-86.8688982183761, 36.038186742144305], [-86.86889758188944, 36.03818415365813], [-86.86889694432051, 36.03818156517984], [-86.86889630685027, 36.03817897582169], [-86.86889566376178, 36.03817638738319], [-86.86889502619398, 36.038173798992766], [-86.86889438872387, 36.0381712096346], [-86.86889374569408, 36.03816862655816], [-86.86889310812639, 36.03816603816774], [-86.86889247054822, 36.038163448810366], [-86.86889182745995, 36.03816086037181], [-86.8688911832894, 36.038158271941036], [-86.86889054572089, 36.038155683462705], [-86.86888990262314, 36.03815309414507], [-86.86888925839412, 36.03815050035223], [-86.86888862759561, 36.03814791727547], [-86.86888797670545, 36.03814532801403], [-86.86888733361747, 36.03814273957547], [-86.86888668950681, 36.038140156594665], [-86.86888605210643, 36.03813757356544], [-86.86888540223916, 36.03813497884622], [-86.86888475806904, 36.03813239041542], [-86.86888411388938, 36.03812980110559], [-86.86888346301008, 36.0381272128111], [-86.86888281895828, 36.038124635192325], [-86.86888217581203, 36.038122041391624], [-86.86888152492229, 36.038119452130125], [-86.86888088075243, 36.038116863699294], [-86.86888023664218, 36.038114280718474], [-86.86887958690407, 36.0381116977782], [-86.86887894266515, 36.03810910301833], [-86.86887829178522, 36.03810651463588], [-86.86887764107313, 36.038103931702544], [-86.86887699018368, 36.03810134244108], [-86.86887634715599, 36.038098759452375], [-86.86887569627623, 36.0380961710699], [-86.86887504549517, 36.038093581807615], [-86.8688743946155, 36.03809099342509], [-86.86887374379548, 36.03808841049256], [-86.86887309284764, 36.03808581586899], [-86.86887244321724, 36.038083232839966], [-86.8688717923973, 36.03808064990744], [-86.86887114162612, 36.03807806152412], [-86.86887048408643, 36.03807547776092], [-86.86886983331526, 36.03807288937762], [-86.86886918243688, 36.03807030108298], [-86.86886852501424, 36.03806771811015], [-86.86886787520768, 36.03806512884079], [-86.86886721778603, 36.03806254595577], [-86.86886656690687, 36.038059957573246], [-86.86886590948536, 36.03805737468827], [-86.86886525199465, 36.03805478547427], [-86.86886460111562, 36.03805219709172], [-86.86886394369422, 36.03804961420668], [-86.86886329286524, 36.03804703039507], [-86.86886262867414, 36.0380444421085], [-86.86886197125284, 36.03804185922347], [-86.86886131377206, 36.038039270888504], [-86.86886065742256, 36.03803668702873], [-86.8688599999428, 36.03803409878161], [-86.8688593425803, 36.03803152125871], [-86.86885868499141, 36.03802893292444], [-86.86885802750123, 36.03802634371042], [-86.86885736336998, 36.03802376087377], [-86.86885670588948, 36.03802117253874], [-86.86885604846857, 36.03801858965371], [-86.8688553843279, 36.038016005938], [-86.86885472684754, 36.0380134176029], [-86.86885406277513, 36.038010840128344], [-86.86885341200508, 36.03800825174487], [-86.86885274109474, 36.03800566262756], [-86.8688520770721, 36.03800307979007], [-86.8688514129413, 36.03800049695337], [-86.86885075545155, 36.03799790773929], [-86.86885009132084, 36.0379953249026], [-86.8688494271901, 36.03799274206585], [-86.86884876305852, 36.03799015914123], [-86.86884809896695, 36.03798756997472], [-86.86884743483641, 36.03798498713795], [-86.86884677076448, 36.03798240966335], [-86.8688460999734, 36.03797982151211], [-86.86884543577379, 36.037977232346364], [-86.86884477164243, 36.03797464942171], [-86.86884410762032, 36.03797206658417], [-86.86884343677981, 36.03796948379579], [-86.86884277275779, 36.03796690095818], [-86.86884210082448, 36.0379643172107], [-86.86884143663471, 36.03796172892395], [-86.8688407659026, 36.03795914613475], [-86.86884010177255, 36.03795656329795], [-86.86883943097132, 36.03795397417976], [-86.86883876029793, 36.037951396752646], [-86.86883808956598, 36.03794881396343], [-86.8688374187845, 36.03794623653709], [-86.86883675470423, 36.03794364833744], [-86.8688360838536, 36.03794106458205], [-86.86883541312181, 36.037938481792814], [-86.86883474130778, 36.037935899011416], [-86.86883406380635, 36.037933310820556], [-86.86883339306415, 36.037930727064385], [-86.86883272222428, 36.037928144275945], [-86.86883205149273, 36.03792556148667], [-86.868831374051, 36.03792297874582], [-86.86883070229585, 36.0379204013264], [-86.86883003144658, 36.03791781765889], [-86.8688293541123, 36.03791523482935], [-86.86882868327271, 36.037912652040816], [-86.86882799922923, 36.03791006934752], [-86.86882732848741, 36.03790748559129], [-86.8688266565657, 36.037904902810595], [-86.86882597923254, 36.03790232006893], [-86.86882530179119, 36.03789973732802], [-86.8688246243499, 36.03789715458709], [-86.86882394689809, 36.037894570879196], [-86.8688232828773, 36.037891988041544], [-86.8688225977023, 36.03788941071883], [-86.86882192026118, 36.037886827977886], [-86.86882125696917, 36.03788432170439], [-86.86882058047327, 36.037881815526056], [-86.86881989607762, 36.03787930949259], [-86.86881920622, 36.03787680877312], [-86.86881850197845, 36.037874309124355], [-86.86881779220766, 36.037871808636325], [-86.8688170680524, 36.03786931906495], [-86.86881633723561, 36.03786682409119], [-86.86881559971928, 36.03786433013275], [-86.86881484904798, 36.037861840752505], [-86.86881408388366, 36.03785935235592], [-86.86881331985064, 36.0378568684345], [-86.86881253477219, 36.03785438018151], [-86.86881174969417, 36.037851901862254], [-86.86881095125405, 36.03784941906807], [-86.86881013965993, 36.03784694093995], [-86.86880932136532, 36.03784446373927], [-86.8688084953378, 36.0378419920448], [-86.86880765706987, 36.03783951947156], [-86.86880681112825, 36.0378370479206], [-86.86880595961743, 36.03783458177236], [-86.86880509371214, 36.03783211572784], [-86.86880421448515, 36.03782964890032], [-86.86880332753391, 36.03782718837001], [-86.86880243512354, 36.037824733417445], [-86.86880152934056, 36.0378222730229], [-86.86880061588424, 36.03781982358457], [-86.86879969576643, 36.03781736874381], [-86.86879876347835, 36.03781491944122], [-86.86879782339689, 36.03781247010687], [-86.86879686228094, 36.03781002734167], [-86.86879590894694, 36.037807583553246], [-86.86879494907062, 36.03780514526243], [-86.86879396137853, 36.03780270708428], [-86.86879297494713, 36.037800275314424], [-86.86879197400252, 36.03779784268222], [-86.86879096645596, 36.03779541009757], [-86.86878994555828, 36.03779298393869], [-86.86878891821593, 36.037790562309716], [-86.86878788298343, 36.03778814170457], [-86.86878684223039, 36.03778572105133], [-86.86878578713286, 36.037783305072836], [-86.86878471873285, 36.03778089006929], [-86.86878364476458, 36.03777848055635], [-86.8687825631015, 36.037776070131834], [-86.8687814747975, 36.03777366608469], [-86.86878037209907, 36.03777126214136], [-86.8687792572294, 36.03776886364824], [-86.86877814127853, 36.03776646525082], [-86.86877700655441, 36.03776407235123], [-86.86877587063992, 36.03776167946021], [-86.86877472158105, 36.03775929211443], [-86.8687735658111, 36.03775690472905], [-86.86877239669093, 36.037754523857345], [-86.86877121993464, 36.037752147436215], [-86.86877003765969, 36.037749771142686], [-86.86876884099996, 36.03774739583204], [-86.86876763876138, 36.03774502504497], [-86.86876642873034, 36.03774265431402], [-86.86876520562325, 36.03774029536943], [-86.86876397574743, 36.03773793111109], [-86.86876273927004, 36.03773557683419], [-86.86876148834834, 36.037733218090004], [-86.86876023202613, 36.03773087028563], [-86.86875896129892, 36.037728521618064], [-86.86875768387127, 36.03772617387791], [-86.86875639985256, 36.03772383708609], [-86.86875510257047, 36.03772149493948], [-86.86875380529838, 36.03771916360566], [-86.86875248805266, 36.03771682696548], [-86.86875117092613, 36.0377145012252], [-86.86874983941486, 36.03771217646769], [-86.86874848793028, 36.03770985633758], [-86.86874715094851, 36.037707536102936], [-86.86874579282207, 36.0377052222623], [-86.86874442814376, 36.03770291304017], [-86.86874305016389, 36.03770060488097], [-86.86874167114989, 36.037698301124685], [-86.86874027331466, 36.0376959984711], [-86.86873886773598, 36.03769370035674], [-86.86873744880623, 36.037691408668074], [-86.8687360377177, 36.03768911147247], [-86.8687346123043, 36.03768683064347], [-86.86873317357878, 36.037684549910416], [-86.86873172819182, 36.03768226377494], [-86.86873026848006, 36.037679994006055], [-86.86872880995884, 36.03767772422862], [-86.86872733693504, 36.03767545455564], [-86.86872585178969, 36.03767318497011], [-86.86872435903923, 36.03767093258175], [-86.86872285956815, 36.037668679274844], [-86.86872135350578, 36.03766642698245], [-86.86871984072268, 36.03766417377146], [-86.86871831367395, 36.037661932443214], [-86.86871678109601, 36.037659690275746], [-86.86871523408374, 36.0376574544539], [-86.86871368155181, 36.037655218671794], [-86.8687121214549, 36.037652993845064], [-86.86871055453868, 36.03765076897958], [-86.86870898112882, 36.037648544160845], [-86.8687073944168, 36.037646330250965], [-86.86870580110386, 36.0376441164765], [-86.86870419345522, 36.03764190816789], [-86.86870258023734, 36.03763970526192], [-86.86870096594781, 36.03763750333064], [-86.86869933168408, 36.03763530593883], [-86.86869769759878, 36.03763311496314], [-86.86869605014216, 36.03763092856725], [-86.86869439609332, 36.037628743097954], [-86.86869273549158, 36.03762656215924], [-86.86869106045741, 36.03762438774197], [-86.86868943495215, 36.03762227863632], [-86.86868780836568, 36.03762016962629], [-86.8686861751277, 36.03761806602671], [-86.86868453534741, 36.03761596792464], [-86.86868289538947, 36.037613853560586], [-86.86868125560837, 36.037611755370584], [-86.86867960916778, 36.037609651953964], [-86.86867796267667, 36.037607553812315], [-86.86867631630447, 36.0376054566368], [-86.86867466310429, 36.037603358631394], [-86.8686730100115, 36.03760126053725], [-86.86867135037734, 36.03759916802855], [-86.86866968955181, 36.03759707544053], [-86.86866802980866, 36.0375949828447], [-86.86866636347324, 36.03759289117544], [-86.8686646971878, 36.03759080407711], [-86.86866302311006, 36.03758871703495], [-86.86866135683445, 36.037586630815625], [-86.86865967621347, 36.03758454918306], [-86.8686579966749, 36.03758246754268], [-86.86865631595643, 36.03758038687778], [-86.86865463641803, 36.03757830523737], [-86.86865294909683, 36.03757622453213], [-86.8686512552237, 36.0375741484454], [-86.8686495624426, 36.03757207322985], [-86.86864787517163, 36.037569997095495], [-86.8686461679466, 36.037567927346544], [-86.86864448074498, 36.03756585754116], [-86.86864277470104, 36.03756378690458], [-86.86864106752594, 36.03756171179268], [-86.86863936040982, 36.03755965197665], [-86.86863764652469, 36.03755757691311], [-86.86863593952755, 36.03755551806321], [-86.86863421904, 36.03755345289308], [-86.86863250533287, 36.03755139409147], [-86.86863078502292, 36.037549335249544], [-86.86862905692148, 36.03754727655167], [-86.86862732990154, 36.0375452177581], [-86.86862560294117, 36.03754316441444], [-86.86862386920257, 36.037541104878], [-86.8686221345085, 36.037539056952525], [-86.86862040094648, 36.037537003656404], [-86.86861866073393, 36.03753495585862], [-86.8686169192714, 36.03753290261937], [-86.86861517917623, 36.037530865545676], [-86.86861343230242, 36.03752881234541], [-86.86861167775439, 36.0375267700133], [-86.86860992980937, 36.03752472772154], [-86.86860817635345, 36.03752268626064], [-86.86860641509551, 36.03752064397685], [-86.86860465497851, 36.037518607047296], [-86.86860289378032, 36.03751657021345], [-86.86860112598026, 36.03751453342716], [-86.86859935823887, 36.03751250200292], [-86.86859759158946, 36.037510471449856], [-86.86859581719763, 36.037508445523926], [-86.86859404268684, 36.037506408697965], [-86.8685922617028, 36.03750438369859], [-86.86859048060106, 36.037502357820955], [-86.86858869283792, 36.037500326540844], [-86.86858691191281, 36.037498306903466], [-86.86858512426801, 36.037496286435456], [-86.86858333663379, 36.037494266934246], [-86.8685815423872, 36.0374922465137], [-86.86857974701935, 36.03749023243075], [-86.86857794606281, 36.03748821205852], [-86.86857614517545, 36.03748619801528], [-86.8685743443468, 36.03748418933412], [-86.86857253576581, 36.03748217446718], [-86.86857072822714, 36.0374801658343], [-86.86856891407704, 36.03747815636993], [-86.8685670989139, 36.037476153242366], [-86.86856528477449, 36.03747414474491], [-86.86856346290136, 36.03747214166563], [-86.8685616422774, 36.03747014393986], [-86.86855982033526, 36.037468134531586], [-86.86855799197863, 36.037466142311885], [-86.86855616464572, 36.037464144722264], [-86.86855432951948, 36.03746214710091], [-86.86855249445294, 36.0374601549295], [-86.86855066057699, 36.037458162749466], [-86.86854881890858, 36.03745617062561], [-86.86854697719073, 36.037454183864604], [-86.86854513552258, 36.037452191740655], [-86.86854328720389, 36.037450205115036], [-86.86854143234191, 36.03744822389904], [-86.86853958402244, 36.0374462371855], [-86.86853772916066, 36.037444255969426], [-86.86853587429903, 36.03744227475334], [-86.86853401272724, 36.03744029358563], [-86.86853215122477, 36.037438318746844], [-86.86836730311911, 36.03726348387622], [-86.86832712213253, 36.03722086228022], [-86.86832547289795, 36.037219115792766], [-86.86832380922903, 36.03721737565092], [-86.86832214679964, 36.03721563998352], [-86.86832047004512, 36.037213910748854], [-86.86831878777035, 36.0372121913998], [-86.86831710436536, 36.037210467663414], [-86.8683154077069, 36.03720874938497], [-86.86831369796282, 36.03720704201376], [-86.86831198811055, 36.037205334643275], [-86.86831027160774, 36.03720363277112], [-86.86830854195968, 36.03720193635611], [-86.8683068122621, 36.03720024530402], [-86.86830506162784, 36.037198559853145], [-86.86830332545712, 36.037196880627555], [-86.86830156823093, 36.03719520603701], [-86.86829980447207, 36.03719353782304], [-86.86829803400309, 36.03719186965745], [-86.86829625693251, 36.03719021147316], [-86.86829446666779, 36.03718855426305], [-86.8682926763535, 36.03718690241574], [-86.86829087966466, 36.0371852615152], [-86.86828906836406, 36.037183620631964], [-86.86828725832324, 36.03718198606919], [-86.86828543393801, 36.037180356181025], [-86.86828361069374, 36.03717873164708], [-86.86828177312431, 36.037177113545894], [-86.8682799288938, 36.03717549997612], [-86.8682780847315, 36.037173892647345], [-86.8682762273177, 36.03717229095236], [-86.86827436336061, 36.03717069466704], [-86.86827249166976, 36.03716910379988], [-86.8682706145189, 36.03716751842247], [-86.86826872963424, 36.03716593846329], [-86.86826683912271, 36.03716435863247], [-86.86826494104419, 36.03716278958116], [-86.86826303638428, 36.03716123235721], [-86.86826112613569, 36.03715966884393], [-86.86825920827111, 36.03715811162714], [-86.86825728262504, 36.037156565367184], [-86.86825534490637, 36.037155023677606], [-86.86825340725697, 36.037153488317024], [-86.86825146955799, 36.03715195831926], [-86.86824951086379, 36.03715042856064], [-86.86824755348685, 36.03714891039658], [-86.86824558825931, 36.037147396860384], [-86.86824362309036, 36.03714588868624], [-86.86824163807664, 36.03714438698457], [-86.86823963980088, 36.03714288994973], [-86.86823766161561, 36.0371413990117], [-86.86823565675753, 36.037139913716246], [-86.86823365195806, 36.037138433782815], [-86.86823164061634, 36.037136959346924], [-86.86822962825092, 36.037135490280875], [-86.8682276036062, 36.0371340266658], [-86.86822557139638, 36.037132574005945], [-86.86822353259427, 36.037131122272655], [-86.86822148821435, 36.037129675150915], [-86.86821944287891, 36.03712823964009], [-86.86821738422195, 36.03712680334606], [-86.86821532569367, 36.03712537883102], [-86.86821325391195, 36.037123959773986], [-86.86821118110757, 36.03712254617469], [-86.8682090960725, 36.03712113257553], [-86.86820701105796, 36.03711973075614], [-86.8682049185165, 36.037118333474325], [-86.8682028137561, 36.03711694718131], [-86.86820071452411, 36.03711556163965], [-86.86819860213824, 36.03711418076405], [-86.86819648316998, 36.03711281162785], [-86.8681943575999, 36.03711144253914], [-86.86819223203973, 36.03711008426325], [-86.86765539018502, 36.03676845488145], [-86.86765318991733, 36.036767053003324], [-86.86765098960004, 36.036765656487944], [-86.86764878273063, 36.03676425465727], [-86.86764658236459, 36.0367628536588], [-86.86764438221427, 36.03676146250467], [-86.86764217529637, 36.03676006612462], [-86.86763996838712, 36.03675867053565], [-86.86763776152792, 36.03675727951762], [-86.867635553527, 36.03675588305733], [-86.86763334667752, 36.036754492918234], [-86.86763113981758, 36.03675310181213], [-86.86762893296822, 36.036751711672984], [-86.86762672610939, 36.03675032065469], [-86.86762451265831, 36.03674893056297], [-86.86762229919775, 36.036747539592184], [-86.86762008461487, 36.03674615487102], [-86.86761787110473, 36.03674476926295], [-86.86761565764436, 36.036743378292016], [-86.86761344425221, 36.036741993562174], [-86.86761123081142, 36.036740614283026], [-86.86760900961838, 36.036739228818085], [-86.86760679622645, 36.036737844088115], [-86.8676045761744, 36.03673646397736], [-86.86760236273392, 36.03673508469802], [-86.86760014825033, 36.03673369909669], [-86.86759792149799, 36.036732319913156], [-86.86759570151435, 36.03673094604336], [-86.86759348038044, 36.03672956594019], [-86.8675912537365, 36.03672818675574], [-86.86758904035598, 36.03672681292619], [-86.8675868126789, 36.03672543823252], [-86.86758458598553, 36.03672406441079], [-86.8675823594014, 36.03672269067614], [-86.8675801316163, 36.03672131598316], [-86.86757790503238, 36.03671994224846], [-86.86757567731651, 36.03671857388435], [-86.86757345062351, 36.03671720006244], [-86.86757122408876, 36.03671583081061], [-86.86756898977126, 36.036714462493975], [-86.86756676313796, 36.036713094121865], [-86.86756452882064, 36.03671172580513], [-86.86756229564413, 36.03671036284262], [-86.8675600679288, 36.03670899447821], [-86.86755783486173, 36.03670763160274], [-86.86755559388344, 36.036706267817145], [-86.86755336064878, 36.03670489949234], [-86.86755112639139, 36.03670353662534], [-86.86754889327483, 36.036702179112545], [-86.8675466523065, 36.03670081620582], [-86.86754440479584, 36.0366994587966], [-86.86754217822289, 36.03669809587403], [-86.86706610993026, 36.03640924383239], [-86.86706516367471, 36.03640866296438], [-86.86706420968625, 36.03640808760239], [-86.86706325688833, 36.036407512231804], [-86.86706230284044, 36.03640693141986], [-86.86706135003291, 36.036406355170264], [-86.86706039604455, 36.03640577980823], [-86.86705944313844, 36.036405204438466], [-86.86705849033959, 36.03640462897992], [-86.86705752980883, 36.03640405911539], [-86.86705657690275, 36.03640348374558], [-86.86705562301208, 36.03640290741581], [-86.8667986840795, 36.03665777751064], [-86.86438779821877, 36.03635968698381], [-86.86397986446839, 36.03630924644244], [-86.86272667992104, 36.036236980364606], [-86.86137813415043, 36.03608659369243], [-86.86122559446154, 36.03606958590609], [-86.86070119830845, 36.03601109866173], [-86.86011305524396, 36.035945503256954], [-86.85947029227567, 36.0359221178597], [-86.85944837983924, 36.0359682515041], [-86.85925905085317, 36.03590891064344], [-86.8591438112318, 36.036151467585064], [-86.85825624459709, 36.03591877781626], [-86.85733355126057, 36.03571958783065], [-86.85741804492629, 36.035437082104295], [-86.85725371395498, 36.035404658846], [-86.85741535000318, 36.03486420982327], [-86.85472711981929, 36.034044528650774], [-86.85463954253831, 36.034020233339], [-86.85499534548495, 36.03270046798528], [-86.85519862824164, 36.03194641336996], [-86.85537109599618, 36.03118430216052], [-86.85567225066461, 36.029926398880036], [-86.85594792595418, 36.02888558723093], [-86.8563426607795, 36.02890914456861], [-86.85737655741406, 36.02875280033142], [-86.85765152098271, 36.02875510104687], [-86.85738252246185, 36.028471836207636], [-86.85610593556474, 36.02800129963945], [-86.85369855658516, 36.027633545213654], [-86.85369529790937, 36.027633035657885], [-86.85369201914584, 36.02763251991488], [-86.85368875910517, 36.02763199410532], [-86.8536854933615, 36.02763145119362], [-86.85368223416141, 36.027630902872936], [-86.8536789815546, 36.02763034369257], [-86.85367572882137, 36.02762977273309], [-86.85367247586635, 36.02762918111625], [-86.85366922956062, 36.02762859393563], [-86.85366598308134, 36.02762799058072], [-86.85366274319435, 36.02762737627817], [-86.85365950312432, 36.0276267449223], [-86.85365626971456, 36.02762610894786], [-86.85365304278052, 36.027625461235445], [-86.85364981010319, 36.02762480275068], [-86.85364658958882, 36.02762412800429], [-86.85364336890775, 36.02762344780851], [-86.85364014929056, 36.02762275582521], [-86.85363693508678, 36.0276220539576], [-86.85363372849046, 36.027621334893524], [-86.85363052064626, 36.02762061047569], [-86.85362732046717, 36.02761987422356], [-86.85362412023204, 36.02761912267537], [-86.8536209264805, 36.02761837020212], [-86.8536177315805, 36.02761760147357], [-86.8536145442477, 36.02761682187842], [-86.85361136350829, 36.02761603142351], [-86.85360818265373, 36.02761523024433], [-86.853605008273, 36.027614417151376], [-86.85360184048645, 36.02761359328662], [-86.8535986736661, 36.027612758602], [-86.85359551230626, 36.02761191842824], [-86.85359235088104, 36.027611062079366], [-86.85358920361386, 36.027610193850236], [-86.85358604861622, 36.02760932128024], [-86.8535829067442, 36.02760843138687], [-86.85357976589675, 36.02760753612365], [-86.85357663157477, 36.027606623671694], [-86.85357350272365, 36.027605706697464], [-86.85357037477071, 36.02760477257434], [-86.85356726007925, 36.027603833785946], [-86.85356413866216, 36.02760288344095], [-86.85356103042918, 36.02760192122253], [-86.85355792198139, 36.02760094907179], [-86.85355482682687, 36.02759996513473], [-86.8535517183138, 36.02759897680881], [-86.85354863731986, 36.02759797114545], [-86.85354555512777, 36.027596954677584], [-86.85354247286783, 36.027595931880604], [-86.85353939812705, 36.02759489373395], [-86.85353633002863, 36.02759384929856], [-86.85353326073115, 36.02759279397074], [-86.85353020571034, 36.02759172772879], [-86.85352715057348, 36.02759065067466], [-86.85352410863113, 36.02758956271408], [-86.85352106656336, 36.02758846306231], [-86.85351802455477, 36.02758735883868], [-86.853514995623, 36.02758624283033], [-86.85351197311887, 36.02758511060096], [-86.85350895065501, 36.02758397204171], [-86.8535059424773, 36.027582823447375], [-86.85350293314956, 36.02758166853156], [-86.85349993127397, 36.027580492024995], [-86.85349693610688, 36.02757931538294], [-86.85349394650949, 36.027578133338764], [-86.85349096430483, 36.02757692416592], [-86.85348798869195, 36.02757571406724], [-86.85348501968186, 36.0275744939879], [-86.85348205731326, 36.02757326753193], [-86.85347909466287, 36.027572024902405], [-86.85347614645592, 36.02757077680802], [-86.85347320364154, 36.02756951689543], [-86.853470261911, 36.027568247041266], [-86.85346733217517, 36.027566965410074], [-86.85346441011484, 36.02756567291146], [-86.85346148799613, 36.02756437496283], [-86.85345857907281, 36.02756306619559], [-86.85345567002314, 36.027561745649315], [-86.85345277417747, 36.027560415075605], [-86.85344988480745, 36.027559072763886], [-86.85344700208935, 36.0275577250425], [-86.85344411925432, 36.02755636642106], [-86.85344125080515, 36.027554996972626], [-86.85343838764031, 36.02755361570677], [-86.85343553220959, 36.027552229023584], [-86.85343268338166, 36.02755083235969], [-86.85342984113669, 36.02754942386919], [-86.85342700537784, 36.02754800460765], [-86.85342418275347, 36.02754657892354], [-86.85342136013072, 36.02754514330545], [-86.85341855069213, 36.02754369581403], [-86.85341574222065, 36.02754223759072], [-86.85341294592952, 36.02754077479759], [-86.85341015729405, 36.0275392992912], [-86.85340736855211, 36.02753781385166], [-86.8534046063727, 36.0275363227735], [-86.85340183627734, 36.02753482014719], [-86.85339907385655, 36.02753330656567], [-86.85339632571245, 36.02753178207008], [-86.85339358302984, 36.02753025217313], [-86.85339084694064, 36.027528711416586], [-86.85338811858459, 36.02752716515474], [-86.85338539664664, 36.027525601792895], [-86.85338268693626, 36.027524038256495], [-86.85337998473555, 36.027522458491305], [-86.85337728923649, 36.02752086786576], [-86.8533746002305, 36.027519277194145], [-86.85337192555085, 36.02751767015762], [-86.85336925643057, 36.02751605675222], [-86.85336659368816, 36.02751443257649], [-86.85336393879653, 36.02751280377386], [-86.85336128258915, 36.02751116328843], [-86.85335865406772, 36.0275095109148], [-86.85335602538912, 36.02750785397093], [-86.85335341001418, 36.02750618620778], [-86.85335079559503, 36.027504506657884], [-86.85334819334588, 36.027502821571325], [-86.85334559758284, 36.02750112571371], [-86.853343016154, 36.02749942430413], [-86.85334044131855, 36.0274977120349], [-86.85333787205198, 36.02749599427572], [-86.85333531034321, 36.02749426477094], [-86.85333276182995, 36.02749252444767], [-86.85333022105924, 36.027490779498166], [-86.85332769228235, 36.02748902268373], [-86.8533251701573, 36.02748726045958], [-86.85332265569839, 36.02748548648917], [-86.85332015450192, 36.027483707941286], [-86.85331765988852, 36.027481917566796], [-86.85331517165203, 36.02748011633422], [-86.85331269678629, 36.027478310523456], [-86.85331022856201, 36.02747649833611], [-86.85330776681349, 36.02747467441076], [-86.85330531935111, 36.02747284045046], [-86.85330288519242, 36.02747099567082], [-86.85330044989064, 36.027469155294746], [-86.85329803551733, 36.027467298594935], [-86.85329562091987, 36.027465431083776], [-86.85329322087306, 36.027463558019114], [-86.85329082617956, 36.02746167955393], [-86.85328845138905, 36.02745979004696], [-86.8532860776241, 36.02745789525808], [-86.8532837171516, 36.02745598859505], [-86.85328136311355, 36.02745407643599], [-86.85327902237832, 36.02745215336977], [-86.85327668812918, 36.02745021953259], [-86.8532743673564, 36.027448290962354], [-86.85327204738311, 36.02744634612314], [-86.85326975294089, 36.027444390290135], [-86.85326745946328, 36.02744243357114], [-86.85326517923092, 36.02744046058286], [-86.85326291231847, 36.027438488379296], [-86.85326064527978, 36.02743650439672], [-86.85325839250831, 36.02743450862098], [-86.85325615186747, 36.02743251372634], [-86.85325391900939, 36.027430507875636], [-86.85325169933641, 36.02742849023956], [-86.85324949287622, 36.027426473476844], [-86.85324729964987, 36.02742443939003], [-86.85324509971525, 36.027422405438614], [-86.85324291968357, 36.027420360445376], [-86.85324075398705, 36.027418309988015], [-86.85323859369353, 36.027416248679515], [-86.85323645456062, 36.0274141926715], [-86.85323431518535, 36.02741211407229], [-86.85323218906306, 36.02741003001669], [-86.85323007074187, 36.0274079467849], [-86.85322797112374, 36.02740585164072], [-86.85322587918212, 36.02740374571711], [-86.85322379384176, 36.027401639746714], [-86.85322172061282, 36.02739952278968], [-86.8532196629, 36.02739739948114], [-86.85321761065809, 36.02739527165042], [-86.8532155716579, 36.02739313730842], [-86.85321355364472, 36.02739099209278], [-86.85321152773348, 36.02738883699926], [-86.8532095229149, 36.027386680877164], [-86.85320752457115, 36.02738451292925], [-86.85320554619915, 36.0273823403565], [-86.85320357561969, 36.02738016781647], [-86.85320161038386, 36.02737797888729], [-86.85319965953221, 36.027375789065026], [-86.85319772193169, 36.027373593610534], [-86.85319579764531, 36.027371388303756], [-86.85319387978299, 36.027369176534016], [-86.85319197528192, 36.02736695930711], [-86.85319008511505, 36.02736473652829], [-86.85318820045003, 36.02736250201844], [-86.85318632347781, 36.02736026833319], [-86.85318447301057, 36.02735802364728], [-86.8531826291858, 36.0273557726727], [-86.85318079197162, 36.027353522530376], [-86.85317896913199, 36.0273512605063], [-86.85317715937869, 36.02734898757661], [-86.8531753552536, 36.027346714694964], [-86.85317356546271, 36.02734443626134], [-86.85317178886635, 36.02734214692136], [-86.85317002670297, 36.0273398511496], [-86.8531176699025, 36.02728655360561], [-86.85265860655943, 36.026819171432905], [-86.85247364886821, 36.02653429500611], [-86.85249363965112, 36.02585397336152], [-86.85249798551756, 36.025706088738474], [-86.85249962499125, 36.02565018268159], [-86.85262454268798, 36.02571487950476], [-86.85352344010047, 36.026180404047516], [-86.85354293398925, 36.026190546216924], [-86.85356237534884, 36.02620075459986], [-86.85358176867368, 36.02621103452708], [-86.85360110270074, 36.026221375177485], [-86.8536203831751, 36.02623178749923], [-86.8536396110704, 36.02624226137576], [-86.8536587841548, 36.026252800603004], [-86.85367790471963, 36.02626340692306], [-86.85369696507144, 36.02627407942336], [-86.85371597170295, 36.02628481805793], [-86.85373492461524, 36.02629562291473], [-86.85375381828058, 36.026306483132124], [-86.85377266505205, 36.026317420336355], [-86.853791444745, 36.02632841928621], [-86.85381016415701, 36.02633947808748], [-86.85382616755506, 36.026349007776645], [-86.8538466714887, 36.02627363854834], [-86.85438789479943, 36.02428419657874], [-86.8542826876508, 36.024166017060764], [-86.85286867402255, 36.02409307567661], [-86.85314183323145, 36.021591722543874], [-86.85321208600587, 36.020948361652536], [-86.85330439054268, 36.02055236500383], [-86.85357728938669, 36.019488088164294], [-86.85369574599633, 36.01909034552767], [-86.85384683895923, 36.01858297346551], [-86.85378921025452, 36.01835314566026], [-86.85395491272384, 36.01776543453298], [-86.85395275431412, 36.01766146870744], [-86.85503366677716, 36.01775025034616], [-86.85687509396894, 36.016576169854424], [-86.85801438093918, 36.01584973509442], [-86.85801434926277, 36.01584967756306], [-86.85774079278681, 36.015362106350054], [-86.85760042505127, 36.015111922809226], [-86.85754584953251, 36.015014650069844], [-86.85709289540783, 36.014842586480924], [-86.85655225523824, 36.01463721668055], [-86.85661369132161, 36.014513145562404], [-86.8561580519289, 36.01434037107965], [-86.85609998130778, 36.014318350175124], [-86.85609989548266, 36.01431831834624], [-86.85603501108636, 36.01443881035768], [-86.8550053599983, 36.0140532662134], [-86.8550052976796, 36.014053246788094], [-86.8550312096558, 36.01382454341169], [-86.85506062718257, 36.01356489834899], [-86.85501613244404, 36.01329750935026], [-86.85501037535869, 36.01326290753011], [-86.85493516565722, 36.01281092586168], [-86.85472723774458, 36.012651673799475], [-86.85454516981011, 36.01251222624506], [-86.853998398344, 36.0120934415707], [-86.8539777429677, 36.01207761955907], [-86.853977688218, 36.012077579332725], [-86.85389907910601, 36.011854248895084], [-86.85380908632317, 36.011598575337175], [-86.85371286923592, 36.01132521080697], [-86.85350763882114, 36.01074212043676], [-86.85361166697832, 36.010498960939266], [-86.85374505046528, 36.01018718564982], [-86.85373111528794, 36.01008718778605], [-86.85372670282315, 36.01005551730492], [-86.85367368504193, 36.00967499894121], [-86.85367286162722, 36.00966908138373], [-86.85347344505549, 36.00823777249605], [-86.85346346097371, 36.00816611345799], [-86.85346051751002, 36.008167205940666], [-86.85345757403685, 36.008168297544266], [-86.85345461726672, 36.00816939020898], [-86.85345166697903, 36.008170471926874], [-86.85344871679004, 36.00817155276483], [-86.85344575978658, 36.00817262371715], [-86.85344279498501, 36.008173693933465], [-86.85343983131396, 36.00817475860335], [-86.85343687418485, 36.0081758178643], [-86.85343390369083, 36.00817687185731], [-86.8534309321139, 36.00817792577006], [-86.85342796150275, 36.00817896886289], [-86.85342498310285, 36.008180012098705], [-86.85342491553125, 36.00818002699476], [-86.85342200572624, 36.00818104987679], [-86.8534190283993, 36.008182082204065], [-86.85341604310749, 36.00818310834601], [-86.85341305787472, 36.00818412991612], [-86.85341007371436, 36.00818515059948], [-86.85340708164914, 36.0081861606137], [-86.85340409078248, 36.008187171410555], [-86.85340109865868, 36.008188175974645], [-86.85339809987676, 36.00818917513536], [-86.85339510206067, 36.00819016347618], [-86.85339210317038, 36.00819116263751], [-86.85338909750602, 36.00819214558338], [-86.85338609195067, 36.008193128616284], [-86.8533830862192, 36.00819410532084], [-86.85338007486335, 36.00819507213129], [-86.8533770623655, 36.0081960434332], [-86.85337404986912, 36.008197004801104], [-86.853371030598, 36.00819795997536], [-86.85336801132681, 36.00819891514955], [-86.85336498540693, 36.00819986579937], [-86.85336196590353, 36.0082007993491], [-86.85335893872552, 36.00820174367822], [-86.8533559060814, 36.0082026827713], [-86.8533528865193, 36.00820361087078], [-86.8533498468742, 36.00820453278292], [-86.85334681394714, 36.0082054556144], [-86.85334377322161, 36.00820636760017], [-86.85334073346033, 36.00820727869997], [-86.85333769375993, 36.00820818540371], [-86.853334646201, 36.00820908574557], [-86.8533315996079, 36.008209975267555], [-86.85332855307321, 36.0082108702395], [-86.85332550540748, 36.008211760648045], [-86.85332245875662, 36.00821264480775], [-86.8533193976005, 36.0082135182571], [-86.85331634411537, 36.00821439068505], [-86.85331328179988, 36.0082152569338], [-86.85331312034374, 36.00821530493385], [-86.85331022271019, 36.00821612131354], [-86.85330716137933, 36.008216978500435], [-86.85330671672028, 36.00821710243932], [-86.8533040933312, 36.00821783485572], [-86.85330103296602, 36.008218681222694], [-86.85329796480177, 36.008219526765664], [-86.85329488998038, 36.00822036699325], [-86.85329182948858, 36.008221201580845], [-86.85328874785273, 36.00822203192262], [-86.85328567285664, 36.008222855887794], [-86.85328259108483, 36.00822367357134], [-86.85327950937307, 36.00822448677093], [-86.85327642755207, 36.00822529988332], [-86.85327334561593, 36.008226102271394], [-86.85327025707076, 36.00822690382711], [-86.85326717615791, 36.008227700757345], [-86.8532640874957, 36.00822849141283], [-86.85326099884374, 36.00822928303518], [-86.85325789551047, 36.008230057618945], [-86.85325481452257, 36.008230837494814], [-86.85325170453123, 36.008231606675146], [-86.85324860892887, 36.00823237575349], [-86.85324550666944, 36.00823313951636], [-86.8532424041282, 36.00823388710567], [-86.85323930181015, 36.008234645418376], [-86.85323619937603, 36.00823539291886], [-86.85323308914278, 36.00823613959537], [-86.85322997988575, 36.00823687641896], [-86.8532268705598, 36.00823760682551], [-86.8532237534451, 36.00823833737509], [-86.85322063747144, 36.00823906334516], [-86.8532175213722, 36.00823977762394], [-86.85321555158339, 36.00824022602973], [-86.85321440402532, 36.008240486549], [-86.85321223740144, 36.00824098311725], [-86.85321128557673, 36.0082411936356], [-86.85320816500293, 36.00824190434152], [-86.85320504099785, 36.008242607863025], [-86.85320191789071, 36.00824329423557], [-86.85319879376956, 36.00824398694479], [-86.8531956640722, 36.00824467424297], [-86.85319253971726, 36.00824535526158], [-86.85318940330423, 36.0082460317942], [-86.8531862721752, 36.00824669659729], [-86.85318313444654, 36.00824736144695], [-86.8531800043993, 36.00824802624221], [-86.85317686655456, 36.00824868027961], [-86.8531737220527, 36.0082493290015], [-86.85317058523218, 36.00824997766902], [-86.85316744050506, 36.00825061549146], [-86.85316430248656, 36.00825125335429], [-86.8531611521738, 36.00825188488668], [-86.8531437677704, 36.00818463067969], [-86.85275360864934, 36.00559811681695], [-86.85199451555299, 36.00524594104962], [-86.85020222451462, 36.004414394926755], [-86.85018221977978, 36.004405112940134], [-86.8481030789257, 36.00344042502372], [-86.84663470054161, 36.001585798601106], [-86.84322127251495, 36.00009001655087], [-86.84206317840501, 36.00054309956344], [-86.84194895347848, 36.000552111771874], [-86.8411130318441, 36.00019693829642], [-86.84020346733028, 35.99927900897668], [-86.83892042254121, 35.99969040066269], [-86.83890752867829, 35.99969453461534], [-86.83890483405523, 35.999695442949566], [-86.83890350034953, 35.999695925460834], [-86.83890086681674, 35.99969694334525], [-86.8388982751011, 35.999698038475245], [-86.8388957318428, 35.99969920447499], [-86.83889324915775, 35.999700441260124], [-86.83889080947293, 35.99970174438176], [-86.83888961198892, 35.999702423302836], [-86.83888726762082, 35.99970382949465], [-86.83888497716961, 35.99970530106777], [-86.83888275497567, 35.99970683343902], [-86.83888059447807, 35.999708430258245], [-86.83887851007806, 35.99971008245837], [-86.83887649273609, 35.9997117945858], [-86.83887550822917, 35.99971267483233], [-86.83887360598776, 35.99971446817839], [-86.83887177312671, 35.99971631598504], [-86.83887089024296, 35.99971726128066], [-86.83886918682279, 35.999719185722604], [-86.83886755714661, 35.999721147540285], [-86.83886601664734, 35.99972316368074], [-86.83886456412333, 35.99972521252645], [-86.83886387192067, 35.999726255656746], [-86.83886254887891, 35.9997283748079], [-86.83886130709705, 35.99973052591991], [-86.83886018092642, 35.99973270409418], [-86.83885964459554, 35.999733806533186], [-86.83885864773667, 35.999736038838655], [-86.83885774532848, 35.999738292112184], [-86.83885693738038, 35.99974056723286], [-86.83885623075477, 35.99974286863627], [-86.83885561301653, 35.99974518665099], [-86.83885510410654, 35.99974752456665], [-86.83885468851238, 35.999749868161835], [-86.83885451902069, 35.999751050945186], [-86.8388542532584, 35.99975340430977], [-86.83885416370998, 35.999754586536284], [-86.83885404675529, 35.999756955127815], [-86.838854031878, 35.999759329250026], [-86.83885407094353, 35.99976050970163], [-86.83885420453754, 35.99976287742721], [-86.83885538237583, 35.99977758673201], [-86.83890824150252, 36.00043756225483], [-86.83891060413652, 36.000467431439176], [-86.83891263282864, 36.00049371392261], [-86.83891481016708, 36.00052263171303], [-86.83891673798777, 36.00054892026129], [-86.83891880780884, 36.00057783967933], [-86.83892081666671, 36.000606764093185], [-86.83892259482943, 36.000633059133776], [-86.83892448946158, 36.00066198513403], [-86.83892633643642, 36.00069091603742], [-86.8389279593719, 36.00071722297166], [-86.83892969103974, 36.00074615555696], [-86.83893136283514, 36.000775094009576], [-86.83893297924413, 36.000804032847796], [-86.8389343992401, 36.00083034119492], [-86.83893590925953, 36.00085928613633], [-86.83893797307113, 36.000900781515995], [-86.83900274201876, 36.002220254013864], [-86.83900925567465, 36.002352854361206], [-86.83900973856112, 36.002363307046735], [-86.83901005760262, 36.00237115072929], [-86.83901035003156, 36.002378994597244], [-86.83901068336124, 36.00238945377499], [-86.83901089476258, 36.00239729820736], [-86.83901112715932, 36.00240775808814], [-86.83901125645112, 36.00241560309252], [-86.83901138791482, 36.00242606367638], [-86.83901145068933, 36.00243653555173], [-86.8390114590852, 36.00244437594776], [-86.8390114398442, 36.002452221986715], [-86.8390113550535, 36.002462684077], [-86.83901125478462, 36.00247053068037], [-86.83901106787067, 36.00248099348201], [-86.83901088662459, 36.002488835199074], [-86.8390106788234, 36.002496682551495], [-86.83901033660224, 36.00250714010541], [-86.83901004663467, 36.00251498266764], [-86.83900972345441, 36.00252282537335], [-86.8390092391435, 36.00253327943362], [-86.83900869392632, 36.00254373391812], [-86.83900824866053, 36.00255157211172], [-86.83900776336756, 36.00255941058413], [-86.8390070693853, 36.002569854412805], [-86.83900632109481, 36.002580298531846], [-86.83900571382435, 36.00258813249133], [-86.83900507977452, 36.00259596109905], [-86.83900417493987, 36.002606395583506], [-86.83900321028064, 36.002616830484634], [-86.83900245419653, 36.00262464921734], [-86.83900166484895, 36.00263247354422], [-86.83899997626706, 36.00264810494187], [-86.83899907819158, 36.00265591930105], [-86.83899751834731, 36.00266893517425], [-86.83899586416133, 36.00268194080368], [-86.83899411450294, 36.0026949418235], [-86.83899227050277, 36.00270793259952], [-86.8389903377364, 36.00272091863137], [-86.83898831159252, 36.00273389353354], [-86.83898619667653, 36.002746852878566], [-86.83899714573944, 36.00275221060567], [-86.83901078844865, 36.00275896729665], [-86.8390216719718, 36.00276441919048], [-86.83903251500935, 36.00276992006765], [-86.83904601764515, 36.00277685355099], [-86.83905678735393, 36.00278244864919], [-86.83906752312896, 36.00278808820171], [-86.83907821944183, 36.002793771192145], [-86.83908888302027, 36.00279949950766], [-86.83909950594848, 36.00280527144518], [-86.83911274146207, 36.002812541983936], [-86.83912329111912, 36.00281841359267], [-86.83913380017472, 36.002824323196855], [-86.83914427643013, 36.00283027188497], [-86.83915471210116, 36.0028362704364], [-86.83916516968645, 36.00284234628315], [-86.8391754770324, 36.002848384407415], [-86.83918579990745, 36.002854509893226], [-86.8391960886832, 36.00286067438427], [-86.83920633794963, 36.00286687783021], [-86.83921654667401, 36.00287312489754], [-86.83922672140727, 36.00287941096929], [-86.83923685668876, 36.00288574144601], [-86.83924694472007, 36.00289211550303], [-86.83925700650202, 36.00289852402713], [-86.8392670221157, 36.002904976123915], [-86.83927699610464, 36.00291147176182], [-86.83928693042878, 36.00291800187238], [-86.839296825401, 36.00292457559611], [-86.83930668643872, 36.00293119368648], [-86.83931650011218, 36.00293784454497], [-86.83932627422664, 36.002944539897236], [-86.83960225741657, 36.00313452490232], [-86.8396121412756, 36.003141301398784], [-86.83961957775192, 36.00314636540876], [-86.8396270284871, 36.00315140672596], [-86.83963450003048, 36.003156430843035], [-86.83964199028769, 36.003161434082344], [-86.83965701895326, 36.003171389675536], [-86.83966457077713, 36.00317634202372], [-86.83982714036785, 36.00327596595158], [-86.8398350628696, 36.00328050824035], [-86.83984566846291, 36.00328652268974], [-86.83985364032455, 36.00329101593075], [-86.83986162629124, 36.00329548217237], [-86.83988075987082, 36.00327283317004], [-86.84050139443062, 36.00361902913067], [-86.84051525093166, 36.00362678369974], [-86.84052906684471, 36.00363457740675], [-86.84054285638123, 36.003642403647284], [-86.8405559314026, 36.003649889737055], [-86.8405675927046, 36.003656598806835], [-86.84057855256746, 36.003662945921384], [-86.84058948712017, 36.00366931395835], [-86.84060040747357, 36.00367571004889], [-86.84061130037276, 36.003682128923], [-86.84062217467753, 36.003688569463954], [-86.84063302817455, 36.00369503722551], [-86.84064385529821, 36.0037015276752], [-86.84065466155657, 36.00370803989539], [-86.84066545599569, 36.00371458015272], [-86.8406762217813, 36.003721142322846], [-86.84068964397817, 36.003729372157245], [-86.84070036382985, 36.003735989589764], [-86.84071106378994, 36.003742628786156], [-86.84072172975236, 36.00374929608639], [-86.84073237700798, 36.00375597441719], [-86.84074300233095, 36.00376268613017], [-86.84075360911292, 36.003769414323], [-86.84076419497814, 36.00377616964942], [-86.84077475446999, 36.00378294766393], [-86.84078528774506, 36.00378975293697], [-86.84079842821329, 36.0037982876648], [-86.84080891419879, 36.00380514275932], [-86.84081937937142, 36.00381201434958], [-86.84082981260194, 36.003818914029516], [-86.84084023843951, 36.0038258408365], [-86.84085062994879, 36.003832784936776], [-86.84086100194868, 36.003839756248794], [-86.84087134740109, 36.00384674400863], [-86.8408816731361, 36.0038537597728], [-86.84089197140761, 36.00386079744165], [-86.84090481779747, 36.003869625281965], [-86.84131470862286, 36.00415233362953], [-86.84133626154032, 36.00416724940315], [-86.84135537030343, 36.004180549049565], [-86.8413744308665, 36.00419389403975], [-86.84139345186654, 36.00420728264304], [-86.84141479052724, 36.00422238635709], [-86.841433711597, 36.004235869364486], [-86.84145258547325, 36.00424939058795], [-86.8414714186554, 36.00426295077332], [-86.84149254330036, 36.00427826519527], [-86.84150990486155, 36.00429091453238], [-86.84152995590333, 36.004305612637516], [-86.84154859462818, 36.004319350869125], [-86.84156718052374, 36.004333126389234], [-86.84158572590128, 36.0043469472876], [-86.84160421852584, 36.00436081268272], [-86.84162267055612, 36.0043747162479], [-86.84186368715112, 36.00456374254902], [-86.84235160100408, 36.00496078919325], [-86.84242152124799, 36.00501768922309], [-86.84230414426688, 36.00511656901286], [-86.84230638885671, 36.00511839916751], [-86.84230863231429, 36.005120234780456], [-86.84231087691366, 36.005122065814085], [-86.84231311491176, 36.00512390691558], [-86.84231535176944, 36.005125742486655], [-86.84231758972032, 36.005127579104965], [-86.84231982663596, 36.00512942012603], [-86.84232205696267, 36.00513126216013], [-86.8423242883097, 36.00513310858251], [-86.84232651857982, 36.00513494525441], [-86.84232875003526, 36.00513679167597], [-86.84233097371266, 36.00513863920685], [-86.84233319721396, 36.00514048032149], [-86.84233542100517, 36.00514233857652], [-86.84233763915518, 36.00514418517886], [-86.84233985612458, 36.00514603266858], [-86.84234207337458, 36.00514789641966], [-86.84234429040102, 36.00514974927139], [-86.84234650087663, 36.00515160674024], [-86.84234871915194, 36.0051534651215], [-86.84235092292968, 36.005155323516256], [-86.84235313347173, 36.00515718722615], [-86.84235533724036, 36.00515904474172], [-86.84235754778358, 36.005160908539416], [-86.84235974502013, 36.00516277243017], [-86.84236194902107, 36.0051646416361], [-86.84236414614965, 36.00516650552751], [-86.84236634350012, 36.00516838014238], [-86.84236854079391, 36.00517024939505], [-86.84237073700689, 36.00517211874318], [-86.8423729276502, 36.00517399340485], [-86.84237511829457, 36.00517586815439], [-86.84237730904725, 36.00517774290309], [-86.84237949314931, 36.00517962306082], [-86.84238167606145, 36.00518150322683], [-86.84238386016378, 36.00518338338446], [-86.84238604426709, 36.00518526362995], [-86.84238822058026, 36.005187143841994], [-86.84239039804243, 36.005189030375504], [-86.84239257560358, 36.00519091602916], [-86.84239475197388, 36.005192801603265], [-86.84239692277733, 36.005194692754515], [-86.84239909255876, 36.005196579341536], [-86.84240126346967, 36.005198470404125], [-86.84240342664913, 36.00520036697113], [-86.84240559086203, 36.005202258959564], [-86.8424077540417, 36.005204155526485], [-86.84240992501076, 36.00520605203895], [-86.84241208149241, 36.00520794953176], [-86.8424142380721, 36.00520984605684], [-86.84241639580178, 36.005211748991265], [-86.84241854567513, 36.005213645651054], [-86.84242069572929, 36.00521555936415], [-86.84242285328402, 36.005217455970175], [-86.84242499674001, 36.00521936981726], [-86.8424271466138, 36.005221266476916], [-86.84242928996092, 36.00522318023679], [-86.84243143341722, 36.00522509408378], [-86.84243357009817, 36.0052270015606], [-86.8424357134465, 36.00522891540827], [-86.84243785798496, 36.00523082924755], [-86.8424399881917, 36.00523274854954], [-86.8424421315301, 36.005234661430116], [-86.84244425502962, 36.00523658077901], [-86.8424463851285, 36.005238500081624], [-86.84244851431157, 36.00524042484109], [-86.84245064441066, 36.005242344143625], [-86.84245276795802, 36.005244267975456], [-86.84245489151579, 36.00524619277416], [-86.84245701507272, 36.00524811748489], [-86.84245913198092, 36.00525004778047], [-86.84246124899653, 36.00525197798729], [-86.84246336482212, 36.00525390820247], [-86.84246548172973, 36.00525583841], [-86.84246759203813, 36.005257768663675], [-86.84246970132256, 36.00525970437487], [-86.84247181168797, 36.00526163999063], [-86.84247391534694, 36.00526357574108], [-86.84247601799026, 36.005265517740284], [-86.84247812175765, 36.005267453489964], [-86.84248022439189, 36.005269394610025], [-86.84248232156655, 36.005271341218716], [-86.84248442420099, 36.005273282338734], [-86.84248651467769, 36.00527522987327], [-86.8424886107708, 36.00527717648937], [-86.84249070123747, 36.00527912305692], [-86.8424927906233, 36.005281069719885], [-86.84249488007536, 36.00528302262402], [-86.84249696400077, 36.00528497468759], [-86.84249905351078, 36.00528693304166], [-86.84250113629771, 36.00528887975064], [-86.84250321351594, 36.00529083186106], [-86.84250529642699, 36.005292790261144], [-86.8425073726213, 36.005294747829105], [-86.8425094355751, 36.005296711731255], [-86.84251151847708, 36.00529866925226], [-86.84251358803132, 36.005300633196065], [-86.84251565768355, 36.005302596172164], [-86.84251772837027, 36.00530455465755], [-86.84251979138232, 36.005306524009555], [-86.84252185438422, 36.00530849239457], [-86.84252391739646, 36.00531046174652], [-86.84252598040884, 36.00531243109838], [-86.84252803562262, 36.00531439962574], [-86.8425300920936, 36.005316374473786], [-86.8425321484556, 36.00531834923462], [-86.8425341982091, 36.005320323162536], [-86.8425362479729, 36.005322298057386], [-86.84253829779364, 36.00532427831429], [-86.84254034653264, 36.005326258578755], [-86.84254238964608, 36.005328238882534], [-86.84254443286783, 36.00533021918553], [-86.84254647603834, 36.005332204851356], [-86.8425485115287, 36.005334190658765], [-86.84255054809077, 36.00533617549169], [-86.84255258358135, 36.00533816129903], [-86.84255462015292, 36.005340147010884], [-86.84255665001808, 36.00534213285756], [-86.84255868556576, 36.00534412402693], [-86.84269099947655, 36.005258606901386], [-86.8430186891534, 36.00558071925287], [-86.84315627107844, 36.00571595662905], [-86.84333361729405, 36.00593684260612], [-86.84362412272411, 36.00629867928258], [-86.84395077983157, 36.006705541873764], [-86.84396874138517, 36.00672791541476], [-86.84415677713136, 36.0070769364503], [-86.84418980471666, 36.00713824820278], [-86.84435459334556, 36.007519612171855], [-86.84454471505246, 36.00795962673654], [-86.84472610330774, 36.00837941192932], [-86.84492702285704, 36.008844393793844], [-86.84512176124949, 36.009295056332256], [-86.84522760014147, 36.00953998427587], [-86.84534245255507, 36.00983277406831], [-86.84539741733326, 36.01014410403392], [-86.84542696719441, 36.01040281366068], [-86.84547853671829, 36.01085423334574], [-86.84551043600275, 36.01113343208617], [-86.84551167742964, 36.01114396687797], [-86.84551334595864, 36.01115711971335], [-86.84551404416044, 36.01116237843365], [-86.84551513528199, 36.01117026625041], [-86.84551665377911, 36.01118077747131], [-86.84551825297169, 36.01119127634581], [-86.84551907980892, 36.01119652335009], [-86.8455212415053, 36.01120963395516], [-86.84552258973187, 36.01121749289069], [-86.84552495319606, 36.01123058045338], [-86.84552692465643, 36.01124103346275], [-86.84552950417043, 36.01125409788285], [-86.84553165737367, 36.01126452711133], [-86.84553331695273, 36.01127235054316], [-86.84553561209978, 36.01128276796219], [-86.84553737899371, 36.011290569014776], [-86.84553980255372, 36.01130096390641], [-86.8455416702685, 36.0113087525591], [-86.84554294238802, 36.01131394140571], [-86.84554592301592, 36.01132581595866], [-86.84554822142721, 36.01133466785029], [-86.84555097601744, 36.01134500538614], [-86.8455538104492, 36.01135533163641], [-86.84555672005907, 36.01136564557888], [-86.8455597105345, 36.01137594277817], [-86.84556278193261, 36.01138622859634], [-86.84556592077949, 36.011396497677595], [-86.84556914698364, 36.01140674996999], [-86.84557244084364, 36.01141698464494], [-86.84557581654218, 36.01142720248184], [-86.84557927185838, 36.011437398133836], [-86.84558191019252, 36.01144504441203], [-86.84558549391213, 36.01145521656954], [-86.84558915849856, 36.01146537207168], [-86.84559289825654, 36.01147550445306], [-86.84559671223876, 36.01148562637945], [-86.84560840824138, 36.01151630685079], [-86.84572009621246, 36.01180926890215], [-86.8458906825319, 36.01225671518918], [-86.84604082022139, 36.01265053819545], [-86.84611988258278, 36.01285790555532], [-86.84612375125764, 36.012868141625596], [-86.84612661969389, 36.01287582495428], [-86.8461303876125, 36.01288608959955], [-86.84613317426799, 36.01289379512844], [-86.84613592765788, 36.012901506341365], [-86.84613864794633, 36.01290922851176], [-86.84614133388723, 36.01291695637375], [-86.84614487155721, 36.012927272305106], [-86.84614748335042, 36.01293501774234], [-86.84615006198712, 36.01294276895082], [-86.84615260621466, 36.01295053024684], [-86.84615594911442, 36.01296088622642], [-86.84615841822146, 36.01296866519249], [-86.84616085514467, 36.01297644983498], [-86.84616325772859, 36.01298424096024], [-86.84616640465936, 36.01299463620536], [-86.84616873319436, 36.01300244402616], [-86.84617102055682, 36.01301025679532], [-86.8461740192336, 36.013020680949104], [-86.84617623255642, 36.01302851129284], [-86.84617913051815, 36.01303895777986], [-86.84618126962658, 36.013046799457776], [-86.84618336887863, 36.01305464774509], [-86.84618543377255, 36.01306250075721], [-86.84618747211816, 36.013070360285255], [-86.84619012639659, 36.013080846373036], [-86.84619208273759, 36.01308871729], [-86.84619400597794, 36.01309659925238], [-86.84619651183665, 36.01310710888767], [-86.8461983541544, 36.013115002231345], [-86.84620016996446, 36.013122895761256], [-86.84620237130959, 36.01313273159445], [-86.84620539227151, 36.01314661125013], [-86.84620816421574, 36.01315980581317], [-86.84621084073906, 36.01317301185938], [-86.84621342320801, 36.013186235796596], [-86.84621591029585, 36.0131994647993], [-86.84621830997939, 36.01321270619597], [-86.84622060878092, 36.01322596447663], [-86.8462228123206, 36.0132392288769], [-86.84622492822918, 36.0132525047056], [-86.84622694228528, 36.01326578757935], [-86.84622886318182, 36.013279080953424], [-86.84623069542569, 36.0132923812797], [-86.84623243235731, 36.01330569317637], [-86.8462340618568, 36.0133190165528], [-86.84623560371803, 36.01333234054478], [-86.8462370513488, 36.01334567609961], [-86.84623840355015, 36.01335901223683], [-86.84623966833642, 36.01337235980109], [-86.84624082445335, 36.01338571445821], [-86.8462418940044, 36.01339906884441], [-86.8462428671122, 36.01341243023755], [-86.84624375382867, 36.013425797600064], [-86.84624453179889, 36.01343916484747], [-86.84624522208959, 36.01345253904029], [-86.84624581051676, 36.013465919311216], [-86.84624630453904, 36.0134792947949], [-86.84624670438144, 36.01349267647848], [-86.84624700880076, 36.0135060695575], [-86.84624721891636, 36.01351944703554], [-86.84624733474377, 36.01353283071433], [-86.84624735513079, 36.01354621400862], [-86.84624732528857, 36.01355424762134], [-86.84624725364822, 36.01356211564129], [-86.84624706616724, 36.01357566091972], [-86.84624690204294, 36.0135836945087], [-86.84624671017261, 36.01359172380923], [-86.84624631124137, 36.01360510468667], [-86.84624602502363, 36.01361313464993], [-86.84624570444026, 36.01362115852515], [-86.84624535042502, 36.01362918272305], [-86.84624496221868, 36.013637207073245], [-86.84624423924089, 36.01365058029317], [-86.8462437698879, 36.013658605301345], [-86.84624324626944, 36.01366662515236], [-86.84624231348276, 36.013679988242], [-86.84624170876774, 36.01368800330015], [-86.84624107072807, 36.01369601859243], [-86.84623992814905, 36.01370937313403], [-86.84623919473077, 36.01371738373378], [-86.84623842792045, 36.013725388238555], [-86.84623763450294, 36.01373339380933], [-86.84623679883151, 36.01374139431442], [-86.84623593101524, 36.01374939407828], [-86.84623502891074, 36.01375739505007], [-86.84623344561498, 36.013770719369546], [-86.84623245563715, 36.01377870917861], [-86.84623142460485, 36.0137866947926], [-86.84622963923132, 36.01380000347704], [-86.84620549220679, 36.01397499336866], [-86.84614401295512, 36.01442059641696], [-86.84608751166218, 36.01483008866561], [-86.84591998134513, 36.014811263416526], [-86.84583235646403, 36.01544631169895], [-86.84580872972747, 36.01561757813284], [-86.84513163625209, 36.01564651242761], [-86.84513016677604, 36.015784122662566], [-86.84503693220358, 36.015788104311035], [-86.84502964785023, 36.01578841588808], [-86.84501964971882, 36.0157888150713], [-86.84500964964887, 36.01578914385136], [-86.84499965138201, 36.01578942848709], [-86.84498964336848, 36.015789641104085], [-86.84497963597055, 36.01578979965125], [-86.8449696279205, 36.01578989684087], [-86.84495961918196, 36.01578992924481], [-86.84494960984927, 36.015789905741315], [-86.84493959987388, 36.01578982175928], [-86.84492959596602, 36.01578967742762], [-86.84492291927734, 36.01578954852623], [-86.84491290755986, 36.01578930060196], [-86.84490291526522, 36.015788996629816], [-86.84489290892255, 36.01578863332814], [-86.84488292302676, 36.015788208521094], [-86.84487292875029, 36.01578771801519], [-86.8448629404893, 36.01578717243461], [-86.84485295836339, 36.015786572833335], [-86.84484298315286, 36.015785901008584], [-86.84483633719377, 36.01578542569696], [-86.84482637321443, 36.01578466007999], [-86.8448164163839, 36.015783834017775], [-86.84480646552146, 36.01578294839774], [-86.8447965274829, 36.015782006864136], [-86.84478659528814, 36.01578099408153], [-86.84477666916614, 36.01577993158632], [-86.84476675691175, 36.015778809565866], [-86.84475685617626, 36.015777620827954], [-86.84474696253855, 36.01577637700774], [-86.84473708827639, 36.01577507265667], [-86.84472721342995, 36.01577371327718], [-86.8447191533524, 36.015772549430004], [-86.84471080189866, 36.015771306572454], [-86.844704236782, 36.01577030252304], [-86.8446976936109, 36.015769265968444], [-86.84469114901908, 36.015768207709634], [-86.84468460423966, 36.01576712158431], [-86.84467808016346, 36.01576600823719], [-86.84467155476634, 36.015764872394016], [-86.84466503681519, 36.01576370405942], [-86.84465853183481, 36.015762514007605], [-86.84465202665561, 36.015761295034494], [-86.84464553456569, 36.01576005531036], [-86.84463904212107, 36.01575878218254], [-86.84463256281342, 36.01575749278684], [-86.84462285643532, 36.01575550049578], [-86.84461639746138, 36.01575413887037], [-86.84460995156543, 36.01575275543912], [-86.8446002914487, 36.015750625770096], [-86.8445938581634, 36.015749176492825], [-86.8445874378909, 36.015747699256494], [-86.84458102398811, 36.01574620026139], [-86.84456822972048, 36.015743120102826], [-86.84456184826333, 36.01574153797999], [-86.84455547430917, 36.01573992872793], [-86.84454593285578, 36.015737479196986], [-86.8445395848788, 36.01573580945566], [-86.84453324327164, 36.01573411795562], [-86.84452691575922, 36.015732398488844], [-86.84452060018607, 36.01573065186178], [-86.84451429216357, 36.01572888258849], [-86.84450170869975, 36.01572527366042], [-86.84427771505553, 36.01565988926727], [-86.84359963712689, 36.015461968338194], [-86.84347724819065, 36.015426249426945], [-86.843469643404, 36.015424066507634], [-86.84346200610561, 36.0154219604731], [-86.84345433617993, 36.01541992042331], [-86.84344920901661, 36.01541860523319], [-86.84344535794202, 36.01541763723163], [-86.84343762777789, 36.01541576340092], [-86.84343374958748, 36.015414850532615], [-86.84342857718703, 36.01541366725978], [-86.84342078870772, 36.01541194715146], [-86.84341558271257, 36.01541084068291], [-86.84338044020615, 36.01540362571526], [-86.84336171321556, 36.015399734325804], [-86.84334611697012, 36.015396464516826], [-86.84332740936853, 36.01539251347116], [-86.84331182596539, 36.01538919934906], [-86.84329625666781, 36.015385858137854], [-86.84327780493268, 36.01538187197537], [-86.84325269098383, 36.01537639384532], [-86.84322781869132, 36.01537089784296], [-86.84320296032473, 36.0153653576071], [-86.84317812907047, 36.01535975133178], [-86.84315331612056, 36.01535409534191], [-86.8431285234675, 36.01534837344824], [-86.84310375041727, 36.01534260183089], [-86.84307899771996, 36.01533676958395], [-86.84305426328055, 36.015330883227406], [-86.84302954929392, 36.01532493544932], [-86.8430048625346, 36.01531893244394], [-86.84298019504739, 36.01531286890448], [-86.84295554586579, 36.01530675573844], [-86.84293091828437, 36.01530058729668], [-86.84290630900233, 36.01529435841552], [-86.84288172678372, 36.015288069033716], [-86.8427633618695, 36.01525765606545], [-86.84239868863556, 36.015163950848695], [-86.84186072390182, 36.01502571525343], [-86.84136803204512, 36.014899105223485], [-86.8413494841624, 36.01489429563306], [-86.84133051617869, 36.01488930779128], [-86.8413115675081, 36.014884253087885], [-86.84129579128079, 36.01488000090943], [-86.84128004223027, 36.01487569904581], [-86.84126115950286, 36.01487048440511], [-86.84124545064597, 36.01486609478574], [-86.84122661333535, 36.01486076439663], [-86.84120780969643, 36.01485537425426], [-86.84118903213778, 36.014849922741455], [-86.8411734021231, 36.01484533423706], [-86.84115467102222, 36.01483977329813], [-86.84113908665363, 36.014835090758446], [-86.84112040880864, 36.01482941858777], [-86.84110175689582, 36.0148236812676], [-86.84105968233753, 36.01481060691101], [-86.8410360430945, 36.014803344262646], [-86.8410123778686, 36.01479614130613], [-86.84098868001742, 36.0147890043295], [-86.84096198388836, 36.01478105911235], [-86.84093821988114, 36.01477406051857], [-86.84091443547588, 36.01476712790717], [-86.84089034703109, 36.01476018651266], [-86.84087571531485, 36.0147560029475], [-86.8408608057643, 36.01475177173872], [-86.84083393850715, 36.01474421800854], [-86.8408189954152, 36.01474005823588], [-86.84080404022825, 36.014735921050814], [-86.84077709271683, 36.014728543512405], [-86.84075012617015, 36.014721248208865], [-86.84072311376339, 36.0147140361186], [-86.84070809832323, 36.014710063382346], [-86.84069306425476, 36.01470611960869], [-86.84066598500125, 36.01469908282534], [-86.84040861045342, 36.01463265427098], [-86.84006043688865, 36.014542783631775], [-86.83957036916291, 36.01441629126988], [-86.83881067893483, 36.014220198399585], [-86.8379599340247, 36.014000597179844], [-86.83785293594673, 36.01382885656701], [-86.83806654243774, 36.012069993750195], [-86.83833812622014, 36.00945517343715], [-86.83868655747958, 36.007353359636895], [-86.83906974337673, 36.00533301971723], [-86.83790332140593, 36.00521449424592], [-86.83652645540505, 36.00576583865328], [-86.83565011557319, 36.005368474524374], [-86.83509956561957, 36.00493425798031], [-86.8334681128647, 36.00429458940704], [-86.83351431042512, 36.00402364367225], [-86.83259724121815, 36.00387264883008], [-86.83196234925413, 36.003782186805275], [-86.83186028098544, 36.003750859343846], [-86.83077874603303, 36.00362619517985], [-86.83052756753312, 36.00361583999624], [-86.82974179753202, 36.00352178023393], [-86.83011755099585, 36.00026621543724], [-86.83013275467619, 36.000134454570535], [-86.83041630787672, 35.99767750080733], [-86.83131984534019, 35.99661372262982], [-86.83252232660455, 35.994932459255615], [-86.83248603997374, 35.99456821212073], [-86.83182650325203, 35.99356629416493], [-86.83117064456043, 35.992569929772905], [-86.8306320613093, 35.992060073641674], [-86.82928371965122, 35.99197249429023], [-86.82864499262092, 35.991514251031255], [-86.82864211084237, 35.99151218342813], [-86.82856398036998, 35.99145683171207], [-86.82856278281305, 35.99145930680579], [-86.82856157757621, 35.99146178195238], [-86.82856073737263, 35.991463535392306], [-86.82856037996322, 35.99146425168395], [-86.82855916790726, 35.99146671606444], [-86.8285579571638, 35.99146919221586], [-86.82855674516446, 35.9914716620464], [-86.8285555199164, 35.991474137330606], [-86.82855431558312, 35.99147659541625], [-86.82855330232529, 35.99147866274416], [-86.82855309694318, 35.99147907162197], [-86.82855187936113, 35.99148153516133], [-86.82855064746795, 35.991484006007724], [-86.8285494153914, 35.9914864696467], [-86.82854818997446, 35.9914889287565], [-86.82854696467005, 35.991491398678434], [-86.82854576642163, 35.99149379711888], [-86.82854448728261, 35.9914963224431], [-86.82854324856082, 35.99149878164435], [-86.82854199033012, 35.99150127878126], [-86.82854076450887, 35.991503699125204], [-86.82853951248237, 35.99150615841795], [-86.82853826045582, 35.991508617710664], [-86.82853695539136, 35.99151120888224], [-86.82853576959339, 35.9915135253044], [-86.82853449760253, 35.99151598921787], [-86.82853323783996, 35.99151844320118], [-86.82853197899313, 35.9915208916399], [-86.82853072691026, 35.991523345570364], [-86.82852946156859, 35.99152580398757], [-86.82852917681704, 35.99152636118881], [-86.82852819504262, 35.99152825256695], [-86.82852692289198, 35.991530701185], [-86.82852564970622, 35.99153315429361], [-86.82852437766356, 35.99153560291088], [-86.82852309783274, 35.99153805158172], [-86.82852181896533, 35.99154049927887], [-86.82852136110354, 35.991541365005986], [-86.82852053907763, 35.99154294249969], [-86.82851924695787, 35.991545384925494], [-86.82851796036461, 35.99154782828029], [-86.82851666716306, 35.99155027071351], [-86.82851537499637, 35.991552708656144], [-86.82851408174234, 35.991555156452236], [-86.82851345856734, 35.99155633153049], [-86.82851277530192, 35.991557605306014], [-86.82851148198742, 35.99156003692698], [-86.82851017538194, 35.99156248033138], [-86.82850887655077, 35.99156491199029], [-86.82850756340369, 35.991567360890144], [-86.82850626343932, 35.99156979800725], [-86.82850548023751, 35.991571270708256], [-86.82850495688493, 35.99157223596084], [-86.82850364355906, 35.991574667719355], [-86.82850232352683, 35.99157709952401], [-86.82850101026678, 35.99157953761161], [-86.82849969034253, 35.9915819694155], [-86.82849836263938, 35.99158440215196], [-86.82849740068872, 35.99158617172539], [-86.82849703600863, 35.99158683400193], [-86.828495709322, 35.99158926048978], [-86.8284943693298, 35.99159168698121], [-86.82849303486415, 35.99159411440159], [-86.82849170157817, 35.99159654084689], [-86.82849036812802, 35.991598961930684], [-86.82848922642626, 35.991601046405016], [-86.82848903388293, 35.991601400162516], [-86.82848768718493, 35.991603826787895], [-86.82848633945663, 35.99160624796992], [-86.82848499270166, 35.991608669145194], [-86.82848364492084, 35.991611095690075], [-86.82848229827395, 35.991613516864625], [-86.82848095783045, 35.99161590010708], [-86.82847957719017, 35.99161836028388], [-86.82847821599282, 35.99162077619594], [-86.82847685473858, 35.9916231866579], [-86.82847548699873, 35.99162560797749], [-86.82847412688191, 35.9916280237941], [-86.82847268608948, 35.99163056640512], [-86.82847138452608, 35.99163285021697], [-86.82847001007508, 35.99163526076968], [-86.82846863551588, 35.991637671323055], [-86.82846725425023, 35.99164008192258], [-86.82846587991166, 35.99164250328743], [-86.82846450643387, 35.991644913833355], [-86.82846418068621, 35.99164547131646], [-86.82846311088996, 35.991647324531], [-86.82846172296999, 35.99164972981372], [-86.8284603283994, 35.99165214050467], [-86.82845893375836, 35.99165453405359], [-86.8284575392958, 35.991656944743724], [-86.82845614466824, 35.99165934998461], [-86.82845565332029, 35.991660199678314], [-86.82845474236069, 35.99166175527827], [-86.82845334107891, 35.99166415520235], [-86.8284519331989, 35.99166655517177], [-86.82845053196365, 35.99166895957888], [-86.82844911635223, 35.99167136505197], [-86.82844771501333, 35.991673759525874], [-86.82844703713823, 35.991674907112476], [-86.82844629934489, 35.99167615954884], [-86.82844487138769, 35.99167855332674], [-86.82844344906512, 35.99168094803287], [-86.828442027715, 35.99168334264442], [-86.82844061198037, 35.99168573633815], [-86.82843919073918, 35.9916881310368], [-86.82843833293326, 35.99168957629505], [-86.82843776154408, 35.99169052025184], [-86.82843631925695, 35.991692919578625], [-86.82843489790196, 35.99169530337713], [-86.82843346216607, 35.991697698175436], [-86.82843201970927, 35.99170008123991], [-86.8284305839723, 35.991702475950305], [-86.82842954077205, 35.99170421364309], [-86.8284291493601, 35.99170486441123], [-86.82842770020586, 35.99170724840088], [-86.82842624444416, 35.99170963155682], [-86.82842479529064, 35.991712015634285], [-86.82842334623513, 35.99171439874412], [-86.82842189037419, 35.991716782779854], [-86.82842066048147, 35.99171881291607], [-86.82842043461213, 35.991719165935685], [-86.82841897868153, 35.991721532917204], [-86.82841751622217, 35.991723916998225], [-86.828416052616, 35.99172629484545], [-86.82841458350242, 35.99172867360969], [-86.82841312097682, 35.991731051361555], [-86.82841167806832, 35.991733391177], [-86.82841017603371, 35.991735808056994], [-86.82840870577218, 35.99173818049951], [-86.82840719725537, 35.99174061896212], [-86.82840574730226, 35.991742926387], [-86.82840425697377, 35.991745293604936], [-86.828402774489, 35.99174766613144], [-86.82840129086577, 35.99175003321527], [-86.82732571758439, 35.99180331669109], [-86.82650372562254, 35.9916100525995], [-86.82580847833744, 35.99134211367097], [-86.82532135963348, 35.990905895682495], [-86.82521829074572, 35.99090198101134], [-86.82522244829234, 35.99084455793143], [-86.82529767123417, 35.9898628576472], [-86.82527522545284, 35.98942958012575], [-86.82575215263452, 35.986861985143506], [-86.82347147727877, 35.98657772603209], [-86.82330200324678, 35.98655660000098], [-86.82307972382975, 35.986528892744865], [-86.8230702131536, 35.98596594016043], [-86.82353467684517, 35.984933920232656], [-86.82569206826344, 35.9838776541173], [-86.82570468024193, 35.98341239965759], [-86.8254766702877, 35.98339071091008], [-86.82593649031031, 35.98213209039612], [-86.82597725553417, 35.982024192228074], [-86.82612228334037, 35.98164643436556], [-86.82620058303974, 35.98144245015367], [-86.82597270797784, 35.980800474628154], [-86.82569246409273, 35.98001099289595], [-86.82566691194819, 35.97970495885343], [-86.82567575974433, 35.979617559251075], [-86.82571480580617, 35.979231534075325], [-86.82575258923282, 35.978857984557884], [-86.82579890475536, 35.97881807943591], [-86.82607450638892, 35.97855285233232], [-86.82661334860317, 35.978034300776756], [-86.82730132463615, 35.97792471946772], [-86.82798265564524, 35.97772373725693], [-86.82796843432672, 35.97742512541468], [-86.82932410314757, 35.97751051975412], [-86.82939942425357, 35.977722353915546], [-86.8296584091881, 35.977706114370406], [-86.83047819331328, 35.977831657885595], [-86.83093654036072, 35.9779018516773], [-86.83208286802548, 35.97807739389024], [-86.83208959015259, 35.978078997694354], [-86.83276461506794, 35.978240013018564], [-86.83280933715223, 35.9782584122311], [-86.83316472316761, 35.977274859208016], [-86.83358521045344, 35.97678983511906], [-86.8342095626085, 35.97606964855318], [-86.83442101165649, 35.975825736110394], [-86.83517550898824, 35.97568676596153], [-86.83525812775567, 35.975671527559825], [-86.8352764964865, 35.97566810312252], [-86.83527619429317, 35.97565991316699], [-86.83527581786157, 35.97565172917693], [-86.83527536702545, 35.97564354561511], [-86.83527483438189, 35.97563536815917], [-86.83527444006968, 35.97562992060345], [-86.8352740169254, 35.97562446700602], [-86.83527331012628, 35.975616296999945], [-86.83527253470241, 35.97560813195339], [-86.83527167833546, 35.97559997291878], [-86.83527074778037, 35.975591814310974], [-86.83527008862829, 35.97558637949343], [-86.83526943982974, 35.97558130240082], [-86.83532639730724, 35.97512685297714], [-86.83538897776154, 35.97462749805459], [-86.83538965772907, 35.97451264871488], [-86.83534375897368, 35.974448780966625], [-86.83529786798027, 35.97438491411373], [-86.83502139070644, 35.97422049340423], [-86.83501820031552, 35.974219839585245], [-86.8350150100042, 35.974219183040354], [-86.835011813025, 35.97421853005813], [-86.8350086216609, 35.974217876245625], [-86.83500542461628, 35.97421721702195], [-86.83500223424801, 35.97421655502672], [-86.83499904388066, 35.974215893119236], [-86.83499585229426, 35.97421522840705], [-86.83499266186982, 35.97421456104934], [-86.83498946474057, 35.97421389373806], [-86.8349862875892, 35.97421322356293], [-86.83498309716401, 35.97421255611707], [-86.8349799132516, 35.974211880626086], [-86.83497672162237, 35.97421120149628], [-86.8349735410625, 35.974210525981896], [-86.83497034714394, 35.9742098451096], [-86.83496716320221, 35.97420916680531], [-86.83496397922366, 35.97420848498479], [-86.83496079530624, 35.97420779868035], [-86.83495760345575, 35.974207108738526], [-86.83495442613514, 35.974206422388136], [-86.83495124878509, 35.97420573322469], [-86.83494806469331, 35.97420504059152], [-86.83494488731573, 35.97420434879083], [-86.83494170316686, 35.97420365070741], [-86.83493852569431, 35.974202949852376], [-86.83493534826056, 35.97420225268923], [-86.83493216405563, 35.97420154924338], [-86.83492898659247, 35.97420084926712], [-86.83492580903528, 35.97420014032455], [-86.83492263810346, 35.97419943406118], [-86.83491946379068, 35.97419872509592], [-86.83491628293307, 35.97419801081344], [-86.8349131052772, 35.97419730275033], [-86.83490993436891, 35.9741965883987], [-86.83490676332384, 35.97419587132262], [-86.83490358568221, 35.97419515429223], [-86.83490041460868, 35.97419443449102], [-86.83489724347804, 35.974193709239614], [-86.8348940724565, 35.97419298407532], [-86.83489090135461, 35.974192261548815], [-86.83488773019648, 35.97419153365998], [-86.83488456571466, 35.97419080299965], [-86.83488139466475, 35.97419007510994], [-86.83487822344033, 35.97418934089181], [-86.83487506001153, 35.97418860749864], [-86.83487189547368, 35.97418787147573], [-86.83486871760569, 35.97418713281996], [-86.83486555959821, 35.97418639042205], [-86.83486239500334, 35.97418564894885], [-86.83485923034212, 35.97418490114648], [-86.83485607345408, 35.97418416234491], [-86.83485290880218, 35.97418341542135], [-86.8348497440562, 35.97418265953148], [-86.8348465859735, 35.97418190992492], [-86.83484342122763, 35.974181154034866], [-86.83484026430601, 35.97418040169486], [-86.834837106157, 35.97417964575893], [-86.83483394797946, 35.974178887097864], [-86.8348307898917, 35.9741781266779], [-86.83482763609187, 35.97417736262378], [-86.83482447785825, 35.97417659860029], [-86.83482131629464, 35.974175826424144], [-86.83481816588525, 35.9741750659506], [-86.83481500773138, 35.97417429920108], [-86.83481185598033, 35.974173524231404], [-86.83480869771307, 35.974172746669495], [-86.83480554715264, 35.974171971779306], [-86.83480239551089, 35.974171196896485], [-86.83479924381196, 35.97417041656358], [-86.83479609322312, 35.974169638948126], [-86.83479294149569, 35.974168855889936], [-86.83478980077129, 35.97416807011811], [-86.83478664901632, 35.97416728442269], [-86.83478350041995, 35.97416649052959], [-86.83478035314602, 35.97416570928637], [-86.83477720463023, 35.974164912755164], [-86.83477406060462, 35.974164121555376], [-86.83477091533233, 35.97416332491364], [-86.83476777124136, 35.97416252747249], [-86.83476462594153, 35.974161728193394], [-86.83476148842708, 35.97416092877242], [-86.83475834317, 35.97416012325129], [-86.8347552023033, 35.974159323853364], [-86.83475206023346, 35.97415851285946], [-86.83474892263533, 35.97415770543886], [-86.83474578388946, 35.97415689169651], [-86.83474264631911, 35.97415608691287], [-86.83473950751618, 35.97415526772029], [-86.83473636982335, 35.97415445124522], [-86.8347332377641, 35.97415363569798], [-86.83473009330935, 35.97415281381913], [-86.83472696121153, 35.974151994579756], [-86.83472382347186, 35.97415117362123], [-86.83472069237075, 35.97415034628698], [-86.83471756346111, 35.97414952166272], [-86.8347144322234, 35.97414869160401], [-86.8347113010948, 35.97414786163241], [-86.83470817209961, 35.97414702883276], [-86.83470503427547, 35.97414619978652], [-86.83470190975692, 35.974145360714], [-86.83469877735322, 35.974144522575216], [-86.83469565273587, 35.97414368438236], [-86.83469253144244, 35.97414284344113], [-86.83468939570982, 35.974141997237396], [-86.83468627103547, 35.97414115359419], [-86.83468314633355, 35.97414030731381], [-86.83468002830794, 35.97413945826181], [-86.83467690245828, 35.974138605659626], [-86.83467377769935, 35.974137753928936], [-86.83467065294052, 35.97413690219815], [-86.83466753485892, 35.97413604778365], [-86.83466441673865, 35.974135189677106], [-86.83466129741043, 35.974134329820636], [-86.83465817923405, 35.974133466351745], [-86.83465506766369, 35.97413260371609], [-86.83465194278257, 35.97413174029358], [-86.83464882458792, 35.97413087506635], [-86.83464571289505, 35.97413000073917], [-86.83464259794394, 35.97412913540137], [-86.83463948635935, 35.97412826107333], [-86.83463637023287, 35.97412738677667], [-86.83463325854947, 35.97412651332823], [-86.83463014682842, 35.97412563627557], [-86.83462703515926, 35.97412475385994], [-86.8346239234189, 35.974123874961194], [-86.83462080490833, 35.974122989867624], [-86.83461770651233, 35.97412210463455], [-86.83461460133204, 35.974121222173586], [-86.83461148960605, 35.97412033430752], [-86.83460838769255, 35.97411944364814], [-86.83460527912615, 35.97411854767219], [-86.83460217732186, 35.97411765709975], [-86.83459906875467, 35.97411676103575], [-86.83459597010904, 35.97411586226557], [-86.83459286489528, 35.97411496626605], [-86.83458976619353, 35.97411406213353], [-86.83458666524851, 35.97411316065382], [-86.83458356327405, 35.974112253818596], [-86.83458046456235, 35.97411134871893], [-86.83457736583226, 35.97411044186102], [-86.8345742672104, 35.97410953500235], [-86.83457116839561, 35.97410862005709], [-86.83456807954852, 35.97410770680092], [-86.8345649808125, 35.974106789041855], [-86.83456188643181, 35.97410587406562], [-86.83455879425578, 35.97410495274449], [-86.83455570205123, 35.9741040286982], [-86.83455261315652, 35.97410311087059], [-86.83454952197734, 35.97410218145451], [-86.83454642642978, 35.97410125831031], [-86.83454334079453, 35.97410033158087], [-86.8345402552196, 35.97409940027959], [-86.83453716398347, 35.97409846541312], [-86.83453407496657, 35.97409753589374], [-86.83453098925506, 35.97409660186791], [-86.83452790023392, 35.97409566162329], [-86.83452481556621, 35.974094723985736], [-86.83452173649344, 35.974093783584124], [-86.83451865079634, 35.97409284059097], [-86.83451557275808, 35.974091895698514], [-86.83451248692442, 35.974090949980976], [-86.83450940887708, 35.97409000420933], [-86.83450632971984, 35.97408905572006], [-86.8345032537507, 35.97408810184613], [-86.83450017234584, 35.974087145284486], [-86.83449709975784, 35.97408619411216], [-86.83449402159658, 35.974085237439986], [-86.83449094232716, 35.974084278226044], [-86.8344878707535, 35.97408332062893], [-86.83448479813197, 35.97408235591827], [-86.83448172645514, 35.974081388475724], [-86.83447865710566, 35.974080426379544], [-86.83447558552797, 35.974079458057034], [-86.83447251609383, 35.97407848787352], [-86.8344694378206, 35.97407752047639], [-86.83446637170123, 35.97407654666536], [-86.83446330658774, 35.974075565638614], [-86.83446024047865, 35.97407459279437], [-86.83445717862803, 35.97407361350306], [-86.83445411029902, 35.974072635223585], [-86.8344510440952, 35.974071653324984], [-86.8344479789535, 35.97407066957279], [-86.83444492372416, 35.974069682235395], [-86.83444185402614, 35.97406868682252], [-86.83443879558946, 35.97406770302363], [-86.83443573697843, 35.974066712896295], [-86.83443267742365, 35.97406572558858], [-86.83442961872788, 35.97406472737388], [-86.83442656342241, 35.97406373273999], [-86.83442350707828, 35.9740627318715], [-86.8344204483828, 35.97406173365659], [-86.83441739636456, 35.974060732757984], [-86.83441435105026, 35.97405973172489], [-86.83441128564579, 35.97405872283115], [-86.8344082424383, 35.974057716420795], [-86.83440518689734, 35.97405669928276], [-86.834402138231, 35.974055698272664], [-86.8343990894522, 35.97405468653813], [-86.83439603729248, 35.97405367210168], [-86.83439299518925, 35.97405265750758], [-86.83438995295019, 35.974051640277025], [-86.83438690297692, 35.97405061773743], [-86.83438385731927, 35.974049594200864], [-86.8343808084266, 35.974048571565724], [-86.8343777695127, 35.97404755167447], [-86.83437472385921, 35.9740465182037], [-86.83437168823149, 35.974045491959934], [-86.83436864923208, 35.97404446389335], [-86.83436561023265, 35.97404343582669], [-86.834362571167, 35.974042401430886], [-86.83435952213293, 35.974041365257904], [-86.83435648971604, 35.97404032545326], [-86.83435346058133, 35.974039289230106], [-86.83435042816456, 35.974038249425355], [-86.8343473856427, 35.97403720511919], [-86.83434435316894, 35.97403615986413], [-86.83434132061572, 35.97403511733482], [-86.83433829485624, 35.97403407291227], [-86.83433526218974, 35.97403301957058], [-86.83433223074152, 35.97403196894557], [-86.83432919818337, 35.974030915602974], [-86.83432617890747, 35.97402986032213], [-86.83432315291758, 35.97402880420863], [-86.83432013025259, 35.97402774543469], [-86.83431710085327, 35.97402668389418], [-86.83431407924124, 35.97402562238756], [-86.83431105651928, 35.97402455816335], [-86.83430803047361, 35.97402349668727], [-86.83430501104708, 35.974022426989606], [-86.83430199273064, 35.974021360009374], [-86.8342989732766, 35.974020287674364], [-86.83429595706605, 35.97401921522893], [-86.83429294207461, 35.974018145588104], [-86.83428992245554, 35.97401706780356], [-86.83428690964953, 35.97401598997178], [-86.83428388996427, 35.974014905857935], [-86.83428087823985, 35.974013828018485], [-86.8342778686498, 35.97401274743894], [-86.83427485337091, 35.97401166065704], [-86.83427184710581, 35.97401057741698], [-86.83426883413502, 35.97400949413539], [-86.83426582882798, 35.974008399108456], [-86.83426282244966, 35.974007305055935], [-86.83425981717137, 35.974006212753906], [-86.8342568107647, 35.974005115976155], [-86.83425380545795, 35.97400402094896], [-86.83425079888617, 35.97400291872178], [-86.83424780022818, 35.97400181828576], [-86.83424479703751, 35.9740007187602], [-86.83424179497017, 35.97399961289725], [-86.83423879509431, 35.97399850974425], [-86.83423579632333, 35.973997398495705], [-86.83423280083446, 35.97399629082869], [-86.83422981093038, 35.97399517943068], [-86.83422680869906, 35.973994068205926], [-86.83422381538652, 35.973992951468794], [-86.8342208265365, 35.97399183742592], [-86.83421783096325, 35.97399072167134], [-86.83421483762235, 35.97398960220897], [-86.83421184533533, 35.97398848010191], [-86.83420885964513, 35.973987357949014], [-86.83420586621968, 35.97398623039925], [-86.83420287725676, 35.973985105543704], [-86.83419989150964, 35.97398397794049], [-86.83419691242962, 35.973982846686766], [-86.83419392338216, 35.97398171374377], [-86.8341909364967, 35.973980580697784], [-86.83418795739854, 35.97397944768574], [-86.83418496826653, 35.9739783066553], [-86.83418198912977, 35.97397716995114], [-86.83417901329949, 35.97397602882839], [-86.83417603303451, 35.97397488764837], [-86.8341730538132, 35.97397374285679], [-86.8341700779546, 35.97397259900874], [-86.83416709871503, 35.973971452458905], [-86.8341641260345, 35.9739703022592], [-86.83416115668716, 35.973969150190165], [-86.83415818405776, 35.973967994539464], [-86.83415520814336, 35.973966845328945], [-86.83415223537743, 35.973965686953825], [-86.83414926935514, 35.973964532224144], [-86.83414629664131, 35.973963368485926], [-86.83414333058047, 35.973962210064165], [-86.83414036447371, 35.97396104724708], [-86.83413739835683, 35.973959883462946], [-86.83413443221146, 35.973958716953696], [-86.83413146607636, 35.97395755141137], [-86.83412850663598, 35.973956384855526], [-86.83412554697419, 35.973955207488146], [-86.83412258074439, 35.97395403289143], [-86.83411962121951, 35.97395285824815], [-86.83411666934524, 35.97395168091453], [-86.83411370979194, 35.97395050354606], [-86.83411075018253, 35.973949320815414], [-86.83410779716992, 35.97394813803893], [-86.83410484415644, 35.97394695517455], [-86.8341018922254, 35.97394577239042], [-86.83409893921306, 35.97394458961373], [-86.8340959894113, 35.97394339327651], [-86.83409303963812, 35.973942199664236], [-86.83409009099354, 35.97394101052752], [-86.83408714457208, 35.97393981680399], [-86.83408419466248, 35.973938620467166], [-86.83408124938069, 35.97393743227398], [-86.83407830280835, 35.97393622413385], [-86.83407535627484, 35.97393501968574], [-86.83407242082811, 35.973933820523214], [-86.83406947417743, 35.97393261519659], [-86.83406653542947, 35.97393141060635], [-86.83406359210278, 35.973930202531314], [-86.83406065543399, 35.97392898992666], [-86.8340577198652, 35.9739277790725], [-86.8340547865195, 35.97392656363153], [-86.83405185095086, 35.973925352777236], [-86.83404891428245, 35.97392414017229], [-86.83404598200927, 35.97392292384453], [-86.83404304849036, 35.97392170216281], [-86.8340401194942, 35.97392047860356], [-86.83403719711416, 35.97391925684451], [-86.83403426029503, 35.973918029822926], [-86.83403133126136, 35.973916802659346], [-86.83402840442844, 35.973915579084824], [-86.83402547858297, 35.97391434653647], [-86.8340225516, 35.97391310863339], [-86.83401963248721, 35.973911878675594], [-86.83401670999446, 35.97391064610385], [-86.83401379082567, 35.973909410783726], [-86.83401086719545, 35.973908172857136], [-86.83400794794206, 35.97390692944967], [-86.83400503206877, 35.97390568865611], [-86.83400211941225, 35.973904445202805], [-86.83399919569666, 35.97390319910081], [-86.8339962831485, 35.97390195564661], [-86.83399337042589, 35.973900705864004], [-86.83399045779305, 35.97389945432245], [-86.83398754396984, 35.97389820270122], [-86.83398463790533, 35.9738969483888], [-86.83398172512689, 35.97389569324374], [-86.83397881906166, 35.97389443884331], [-86.83397591291259, 35.9738931764435], [-86.83397301013453, 35.973891915778495], [-86.83397010395714, 35.973890650653495], [-86.83396720443274, 35.973889390844874], [-86.83396429824631, 35.973888124840684], [-86.83396139539305, 35.97388685696724], [-86.83395849577404, 35.973885588104274], [-86.83395559958797, 35.97388431658014], [-86.83395269995165, 35.97388304604688], [-86.83394980695294, 35.97388176905008], [-86.83394690401535, 35.97388049308906], [-86.83394401104538, 35.973879218817146], [-86.83394111801935, 35.97387793918301], [-86.83393821823138, 35.97387665414511], [-86.83393533516383, 35.97387537532097], [-86.8339324454333, 35.97387409021335], [-86.83392955346045, 35.97387280784634], [-86.83392666705494, 35.9738715200782], [-86.83392378052194, 35.97387023046476], [-86.83392089408808, 35.973868939971446], [-86.83391801084137, 35.973867644005516], [-86.83391513205717, 35.97386635073381], [-86.83391224553785, 35.9738650520652], [-86.83390936229138, 35.97386375609904], [-86.83390648233208, 35.97386245386839], [-86.83390360684356, 35.973861155123146], [-86.83390073356992, 35.97385985099993], [-86.8338978535915, 35.973858546923076], [-86.83389498139948, 35.973857242792235], [-86.83389210458074, 35.97385593060556], [-86.83388923571276, 35.97385462372634], [-86.83388636226509, 35.973853313274404], [-86.8338834888501, 35.973851995613515], [-86.83388062322665, 35.97385068871161], [-86.83387774977409, 35.973849367446476], [-86.83387488068509, 35.973848049755425], [-86.83319396885726, 35.97356044961356], [-86.83337969965415, 35.97329302486792], [-86.83325302710521, 35.97319929335451], [-86.8329704306133, 35.97299312542513], [-86.83296967216677, 35.97299365251097], [-86.8324609376468, 35.97299617707307], [-86.83224483844293, 35.97297383581921], [-86.83145364236294, 35.97300839500663], [-86.83090052951162, 35.973032548970835], [-86.83085831374495, 35.97302437336146], [-86.83034262284052, 35.97292454317008], [-86.82929227523901, 35.97267444019526], [-86.82907759452904, 35.97262332621409], [-86.8289766355046, 35.97244668331994], [-86.8264743825023, 35.97176831983043], [-86.82642725919246, 35.97175554451965], [-86.82601949619355, 35.97168846479791], [-86.82580649699608, 35.971649027095154], [-86.82570787903734, 35.97163076233255], [-86.82488411965339, 35.97127853073544], [-86.82483099195451, 35.971114242622825], [-86.82404995224414, 35.970836320674], [-86.82363960038576, 35.97083392632763], [-86.82354212315917, 35.97080414860762], [-86.82460495158445, 35.9658335386825], [-86.82471184909309, 35.965282625501], [-86.82471187968137, 35.96528246757938], [-86.82451786861282, 35.963416257345926], [-86.82451779026299, 35.9634152185999], [-86.82452002688937, 35.96341323029633], [-86.82452225692995, 35.96341124300484], [-86.82452449349964, 35.963409249251065], [-86.82452672353998, 35.963407261959524], [-86.82452895357014, 35.96340527370093], [-86.82453118344466, 35.96340328087206], [-86.82453341347463, 35.96340129261341], [-86.824535643458, 35.96339929987154], [-86.82453787348771, 35.96339731161282], [-86.82454009670128, 35.96339531258767], [-86.82454232668437, 35.96339331984574], [-86.8245445499542, 35.963391326270646], [-86.82454677312009, 35.963389322674324], [-86.82454899536398, 35.963387334468706], [-86.82455121868517, 35.96338533544262], [-86.82455343520415, 35.963383337430145], [-86.82455565852511, 35.96338133840397], [-86.82455787503385, 35.96337933942439], [-86.8245600983637, 35.96337734127722], [-86.82456231373443, 35.96337533685488], [-86.8245645303519, 35.963373337962395], [-86.82456674021701, 35.96337133445682], [-86.82456895677771, 35.96336933011415], [-86.82457117220456, 35.96336733114177], [-86.82457338216832, 35.963365326756275], [-86.8245755920339, 35.963363323338434], [-86.8245778007525, 35.9633613135988], [-86.82458001060868, 35.963359309301836], [-86.82458222046391, 35.96335730491695], [-86.82458442918215, 35.96335529517724], [-86.82458663239485, 35.96335328635427], [-86.82501396500905, 35.962964149203536], [-86.8250161880825, 35.962962128544135], [-86.82501840439933, 35.96296011329356], [-86.82502062752907, 35.962958098084194], [-86.82502285060613, 35.9629560882377], [-86.82502508044261, 35.96295408370738], [-86.82502730897838, 35.96295206846085], [-86.82502953882376, 35.96295006480951], [-86.82503176866085, 35.962948060366955], [-86.82503400617392, 35.962946055783874], [-86.82503624271467, 35.96294405129532], [-86.82503848591585, 35.962942053002756], [-86.82504072905614, 35.962940059281934], [-86.82504297224797, 35.96293806011022], [-86.82504522210019, 35.96293606713447], [-86.82504747313351, 35.96293407335944], [-86.82504972298639, 35.96293208047153], [-86.82505197958959, 35.96293009202081], [-86.82505423728306, 35.96292810444161], [-86.82505649394254, 35.962926121440866], [-86.82505875725839, 35.96292413382314], [-86.82506102153825, 35.96292214531956], [-86.82506328502255, 35.96292017396406], [-86.82506555612733, 35.962918197105836], [-86.82506782615063, 35.96291622025491], [-86.82507009724696, 35.96291424260545], [-86.82507237500276, 35.96291227106403], [-86.82507465173057, 35.96291029425497], [-86.82507692954266, 35.96290832816356], [-86.8250792141667, 35.96290636202541], [-86.82508149743748, 35.96290439053397], [-86.82508378211777, 35.962902429845805], [-86.82508607323007, 35.96290046375095], [-86.82508836450502, 35.962898502929605], [-86.82509066243308, 35.96289654760103], [-86.82509295370873, 35.96289458686754], [-86.82509525833962, 35.96289263140494], [-86.82509755518603, 35.96289067608368], [-86.82509986084543, 35.962888725976526], [-86.82510216553241, 35.96288677596396], [-86.82510447022938, 35.962884826918284], [-86.8251067815676, 35.96288288222259], [-86.8251090929622, 35.962880942976916], [-86.8251114176524, 35.96287899282704], [-86.82511372229547, 35.96287704905618], [-86.82511604039365, 35.96287510976444], [-86.82511836628696, 35.96287317138627], [-86.82512069103628, 35.96287123741137], [-86.82512301579557, 35.96286930440347], [-86.82512534173405, 35.96286737042035], [-86.82512767308887, 35.962865437367114], [-86.82513000459824, 35.962863508796204], [-86.82513233725436, 35.96286158654701], [-86.82513467535927, 35.962859657930764], [-86.82513701471815, 35.962857735547594], [-86.82513935959237, 35.96285581321449], [-86.82514169889946, 35.96285389628206], [-86.82514405154954, 35.96285197301647], [-86.82514639653554, 35.96285006149548], [-86.82514874914197, 35.96284814447176], [-86.82515110191297, 35.9628462328973], [-86.82515345349348, 35.96284432124307], [-86.82515580632077, 35.96284241511861], [-86.82515817233859, 35.962840508815795], [-86.82516053176049, 35.96283860255815], [-86.8251628978871, 35.962836696342386], [-86.82516526400357, 35.96283478915966], [-86.82516762906093, 35.962832894555405], [-86.82517000195077, 35.96283100446877], [-86.82517237472834, 35.962829103569774], [-86.8251747475058, 35.96282720267079], [-86.82517712823604, 35.962825317892815], [-86.82517950783846, 35.9628234286391], [-86.82518188743163, 35.96282153850626], [-86.82518427362045, 35.96281964832818], [-86.82518665993042, 35.96281776984135], [-86.82518904611901, 35.9628158796632], [-86.82519144020489, 35.96281400024388], [-86.8251938332184, 35.96281212171092], [-86.82519622611461, 35.962810242299675], [-86.82519862577928, 35.962808369083646], [-86.82520102662507, 35.962806495068236], [-86.82520342628958, 35.9628046218521], [-86.82520582702705, 35.96280274783736], [-86.82520823350733, 35.96280088538746], [-86.82521063993192, 35.96279901757533], [-86.82521305408999, 35.962797155160516], [-86.82521546834695, 35.96279529186597], [-86.82521788142257, 35.962793429370656], [-86.82522029563592, 35.96279157231798], [-86.82522271547266, 35.962789715314585], [-86.82522513638968, 35.962787858215826], [-86.82522756405697, 35.96278600555419], [-86.82522999162609, 35.962784153860206], [-86.8252324181138, 35.96278230217361], [-86.82523484584644, 35.962780455840935], [-86.82523728017468, 35.96277860946304], [-86.82523971456851, 35.96277676941426], [-86.82524214889655, 35.962774923036264], [-86.8252445899324, 35.96277308742528], [-86.8252470310207, 35.962771246451304], [-86.82524947103157, 35.96276941629765], [-86.82525191211958, 35.96276757532364], [-86.82525435992454, 35.96276574599561], [-86.82525681544894, 35.962763910285005], [-86.82525926330018, 35.96276208544003], [-86.8252617177006, 35.962760256066666], [-86.82526417890782, 35.96275843658052], [-86.82526663347264, 35.962756612656385], [-86.82526908791924, 35.96275478776599], [-86.82527155691129, 35.96275296822623], [-86.8252740181272, 35.962751149618946], [-86.8252764861025, 35.962749336327796], [-86.8252789551499, 35.96274752215013], [-86.82528142301774, 35.96274570894752], [-86.82528390433981, 35.96274390013612], [-86.82528637345246, 35.96274209228738], [-86.82528884813604, 35.96274028985094], [-86.82529133054817, 35.962738481910975], [-86.82529380522149, 35.96273667850748], [-86.82529629439783, 35.96273488678461], [-86.82529877578395, 35.96273308421408], [-86.82530126490354, 35.96273128704097], [-86.82530375413116, 35.96272948986702], [-86.82530624882155, 35.962727698106136], [-86.82530873816111, 35.96272591174439], [-86.82531123404068, 35.96272411997522], [-86.82531373549028, 35.962722333530344], [-86.82531623802103, 35.96272054707803], [-86.82531873401241, 35.962718766120965], [-86.82532124331253, 35.96271698595167], [-86.82532374600672, 35.96271520486062], [-86.82532625535303, 35.9627134291744], [-86.82532876351083, 35.96271165358415], [-86.82533127962654, 35.96270988418098], [-86.8253337955683, 35.96270810844938], [-86.82533631173028, 35.96270634352929], [-86.8253388277375, 35.962704574126654], [-86.8253413515763, 35.96270280915377], [-86.82534387434282, 35.96270104506731], [-86.82534639715668, 35.96269928555184], [-86.82534892673993, 35.9626975323195], [-86.82535145609279, 35.96269576730859], [-86.82535398567492, 35.96269401398822], [-86.82535652293494, 35.96269226070308], [-86.82535905910348, 35.96269050645836], [-86.8253615953376, 35.96268875854267], [-86.8253641326529, 35.962687010619526], [-86.82536667564725, 35.96268526810792], [-86.82536921847677, 35.962683520146825], [-86.82537176259777, 35.96268178202286], [-86.8253743121875, 35.962680039465866], [-86.82537686291406, 35.96267830226353], [-86.82537941255922, 35.962676565068605], [-86.82538197004597, 35.96267483327026], [-86.8253845197466, 35.96267310143741], [-86.82538708382887, 35.9626713695938], [-86.82538964029877, 35.96266964404396], [-86.8253922044365, 35.9626679175624], [-86.82539476873876, 35.96266619653009], [-86.82539732509112, 35.96266447010186], [-86.82539990264033, 35.96266275434114], [-86.8254024734906, 35.96266102869249], [-86.82540504450037, 35.96265931842701], [-86.82540761550914, 35.96265760807365], [-86.82541019198665, 35.96265589328713], [-86.82541277629485, 35.962654182842414], [-86.82541534731331, 35.96265247345581], [-86.8254179316778, 35.962650768461074], [-86.82542051605222, 35.962649064433236], [-86.82542310036398, 35.962647364801356], [-86.82542569144209, 35.962645660727404], [-86.82542828251411, 35.96264396649955], [-86.82543087353946, 35.96264226778841], [-86.82543346472853, 35.9626405744387], [-86.82543606244845, 35.962638874802465], [-86.82543866142646, 35.96263719221228], [-86.82544125926748, 35.962635504267276], [-86.82544386376068, 35.96263382172706], [-86.82544646830446, 35.962632133648064], [-86.82544907393437, 35.96263045646253], [-86.82545167847879, 35.962628768471305], [-86.82545428978763, 35.962627096697155], [-86.82545690212109, 35.96262541946547], [-86.82545951342878, 35.96262374760331], [-86.82546213803698, 35.9626220757378], [-86.82546475042568, 35.96262040386814], [-86.82546736838539, 35.96261873741063], [-86.82546998753436, 35.96261707094499], [-86.82547261226337, 35.962615410770546], [-86.82547523146775, 35.96261374966694], [-86.8254778627832, 35.96261208856813], [-86.82548049529707, 35.96261042834016], [-86.82548312785732, 35.96260877259529], [-86.82548575929282, 35.96260712309973], [-86.82548839185284, 35.96260546735472], [-86.82549103112166, 35.96260382246461], [-86.82549366926071, 35.9626021729229], [-86.8254963085384, 35.96260052891169], [-86.82549895450984, 35.96259888388754], [-86.82550160054593, 35.96259724510454], [-86.82550424646556, 35.962595605531064], [-86.82550689142107, 35.96259396684331], [-86.82550954410917, 35.962592333464976], [-86.82551219020225, 35.96259070021974], [-86.82551484958489, 35.96258906591627], [-86.8255175090887, 35.962587443304116], [-86.8255201683721, 35.96258580988031], [-86.82552282787658, 35.9625841873559], [-86.8255254873801, 35.962582564743556], [-86.82552815347927, 35.96258094208587], [-86.82553081974295, 35.96257932487754], [-86.82553348697971, 35.96257770766243], [-86.82553614659585, 35.96257609594997], [-86.8255388261155, 35.962574484892215], [-86.82554149908674, 35.96257287845066], [-86.8255441652974, 35.96257126660491], [-86.82554685264935, 35.962569660064624], [-86.82554953232415, 35.962568053576824], [-86.82555221195635, 35.96256645341898], [-86.82555489276785, 35.9625648522859], [-86.82555757916029, 35.96256325753198], [-86.82556026537792, 35.962561656361736], [-86.8255629463022, 35.96256006612865], [-86.82556564599302, 35.96255847119542], [-86.82556833357764, 35.96255688715826], [-86.82557102661087, 35.96255529675406], [-86.82557372749581, 35.96255371271344], [-86.82557642069352, 35.96255212775844], [-86.82557912163298, 35.96255054899196], [-86.82558182149194, 35.962548970320746], [-86.82558452902782, 35.96254739159684], [-86.82558723012247, 35.96254581740049], [-86.8255899366325, 35.96254424404608], [-86.82559265092756, 35.962542670638165], [-86.82559535868339, 35.96254110272554], [-86.8255980730904, 35.9625395401298], [-86.8256007863605, 35.96253797217924], [-86.82560350076736, 35.962536409583315], [-86.82560622193454, 35.96253485239153], [-86.82560893639773, 35.96253329524566], [-86.82561165756469, 35.962531738053684], [-86.82561438527081, 35.962530175366375], [-86.82561710645072, 35.96252862986639], [-86.82561983443344, 35.96252708344056], [-86.82562256225141, 35.96252553156529], [-86.8256252968954, 35.96252399142325], [-86.82562803136543, 35.962522444952725], [-86.82563075929524, 35.96252090388958], [-86.82563350058624, 35.96251935825126], [-86.82563623522472, 35.96251782804292], [-86.82563897662769, 35.962516293216765], [-86.82564171796894, 35.962514762874434], [-86.82564446034483, 35.962513228041445], [-86.82564720844631, 35.96251170310311], [-86.8256499498529, 35.96251017908971], [-86.82565269790764, 35.96250864966806], [-86.82565545379396, 35.96250712467612], [-86.82565820190824, 35.96250561142957], [-86.82566095677873, 35.962504092774005], [-86.82566371932525, 35.96250257397791], [-86.82566647414399, 35.96250106077311], [-86.82566922901734, 35.9624995528425], [-86.82567199162013, 35.962498039496246], [-86.8256747532546, 35.96249653705753], [-86.82567751591283, 35.96249502907335], [-86.82568028414289, 35.96249352658924], [-86.8256830535613, 35.96249202400906], [-86.82568582292807, 35.962490526879606], [-86.82568859786078, 35.96248902426143], [-86.82569136744769, 35.96248753794338], [-86.82569414239336, 35.96248604701715], [-86.82569691862734, 35.96248455520292], [-86.82569970140547, 35.9624830687942], [-86.82570247651554, 35.96248158331711], [-86.82570525929339, 35.96248009690829], [-86.82570804894794, 35.962478616693886], [-86.82571083178222, 35.96247713573502], [-86.82571362808883, 35.96247566092535], [-86.82571640989636, 35.962474185248], [-86.82571920620279, 35.96247271043817], [-86.8257219891488, 35.96247124029133], [-86.82572478556729, 35.962469776293666], [-86.82572758182096, 35.96246830684659], [-86.82573037823919, 35.96246684284873], [-86.82573318130055, 35.96246538337671], [-86.82573597777422, 35.96246392474092], [-86.82573878084447, 35.962462466147784], [-86.82574158391465, 35.962461007554595], [-86.82574439374423, 35.962459554277444], [-86.82574720352122, 35.962458106363265], [-86.82575000670329, 35.962456658582106], [-86.82575282437429, 35.96245521070153], [-86.82575563415097, 35.96245376278708], [-86.82575845739191, 35.96245232023072], [-86.8257612673331, 35.96245087776555], [-86.82576408399218, 35.96244944703425], [-86.8257669017224, 35.962448015328505], [-86.82576972496292, 35.96244657277184], [-86.82577254161166, 35.962445141073424], [-86.82577537281502, 35.96244371560469], [-86.82577819611588, 35.962442289310935], [-86.82578102612965, 35.9624408638502], [-86.82578385737922, 35.96243944286438], [-86.82578668744937, 35.9624380228536], [-86.82578951859062, 35.96243660186839], [-86.82579235542005, 35.962435187173696], [-86.82579519332063, 35.96243377150449], [-86.82579803020647, 35.96243236225972], [-86.82580086817255, 35.96243095291958], [-86.8258037116539, 35.962429543629455], [-86.8258065562064, 35.96242813336486], [-86.8258094009892, 35.9624267348787], [-86.82581224458156, 35.962425336312734], [-86.82581509595988, 35.962423937781146], [-86.82581794739383, 35.96242254461173], [-86.82582079768976, 35.96242114599955], [-86.82582364912344, 35.962419752829994], [-86.8258265006136, 35.96241836511044], [-86.82582935761722, 35.96241697726511], [-86.82583221570296, 35.96241558950021], [-86.82583507395233, 35.96241420709658], [-86.8258379388631, 35.962412830976874], [-86.82584079700413, 35.96241144857397], [-86.82584366201276, 35.96241007148638], [-86.82584652697065, 35.96240869993748], [-86.8258493985324, 35.962407329134415], [-86.8258522624079, 35.96240595750486], [-86.825855134026, 35.96240459215177], [-86.82585800568648, 35.96240322046869], [-86.8258608851452, 35.962401860424194], [-86.82586375691773, 35.96240049955326], [-86.82586663535156, 35.96239914496616], [-86.82586951378526, 35.962397790378965], [-86.82587239215322, 35.96239642946255], [-86.82587527723908, 35.96239508028011], [-86.82587815572816, 35.96239373105487], [-86.82588104091191, 35.96239238090458], [-86.82588393383826, 35.96239103703068], [-86.82588681908754, 35.96238969320932], [-86.82588971098899, 35.962388354792715], [-86.82589259635029, 35.96238702178359], [-86.82589549587111, 35.96238567777622], [-86.82589838782795, 35.962384344721634], [-86.82590127989282, 35.96238301166625], [-86.82590417958305, 35.96238168400898], [-86.82590707836486, 35.962380362599475], [-86.82590997708174, 35.962379034948704], [-86.82591288353123, 35.96237771260741], [-86.82591578889938, 35.96237639027347], [-86.82591868880857, 35.96237507333944], [-86.82592160083796, 35.96237375728922], [-86.82592450745084, 35.96237244030909], [-86.82592741294083, 35.96237112975401], [-86.82593032620586, 35.962369818178615], [-86.82593324505007, 35.96236851280643], [-86.82593615837146, 35.9623672066809], [-86.82593907175756, 35.962365906796585], [-86.82594199064887, 35.96236460599527], [-86.82594491063146, 35.962363306153414], [-86.82594783077683, 35.96236201158504], [-86.82595074972443, 35.96236071623357], [-86.82595367652193, 35.96235942706989], [-86.82595659661634, 35.96235813804005], [-86.82595952346932, 35.962356854238436], [-86.82596245583755, 35.962355570486785], [-86.82596538269121, 35.96235428677288], [-86.8259683161971, 35.96235300846381], [-86.8259712431063, 35.96235173011192], [-86.82597418331497, 35.96235045166878], [-86.82597711698436, 35.962349178720885], [-86.82598005730601, 35.962347911177744], [-86.8259829898415, 35.96234664360006], [-86.82598593017211, 35.962345376935815], [-86.82598887708826, 35.96234410925933], [-86.82599181746521, 35.962342847078084], [-86.82599476461164, 35.962341591179936], [-86.82599770504406, 35.9623403343607], [-86.82600065985724, 35.96233907744277], [-86.82600360695187, 35.96233782699522], [-86.82600655414446, 35.96233657557989], [-86.82600872208621, 35.96233566471589], [-86.8263779116581, 35.96220222647975], [-86.82656825064159, 35.962148436947935], [-86.82674262023608, 35.962106804719824], [-86.82686919152394, 35.962077379007155], [-86.82703332966008, 35.962039218171746], [-86.82695257597061, 35.96188655910848], [-86.82607051279741, 35.96013338922629], [-86.82602871708298, 35.96006703908184], [-86.8246787333531, 35.961075355557654], [-86.82111059065342, 35.96378561174532], [-86.82068569273638, 35.963411976642625], [-86.81980176209119, 35.96263467442078], [-86.81966170159288, 35.96251548731409], [-86.81937100077815, 35.962257497245865], [-86.81966927245463, 35.95937066489754], [-86.81976033372352, 35.95927902444899], [-86.81985253915424, 35.95918623241433], [-86.81961051231156, 35.957579730569336], [-86.81948025326722, 35.95755957620312], [-86.81947743897692, 35.95756068501893], [-86.81947675329356, 35.95756095377152], [-86.81947460559306, 35.957561787723], [-86.81947373666495, 35.95756212260135], [-86.81947178427416, 35.95756286502653], [-86.81946894286955, 35.957563934378896], [-86.81946769164902, 35.95756439994611], [-86.81946609027908, 35.95756498851086], [-86.81946464785577, 35.95756551392836], [-86.81946323523243, 35.957566024637686], [-86.8194615993729, 35.95756661352509], [-86.81946037120845, 35.957567050012564], [-86.81945749692547, 35.95756805567718], [-86.81945547771207, 35.95756875618388], [-86.819454616043, 35.95756905048573], [-86.81945240099331, 35.95756980190734], [-86.81945172601985, 35.95757002918081], [-86.81944882804444, 35.95757099166646], [-86.81944607478901, 35.95757189549721], [-86.8194459277952, 35.95757194335443], [-86.81944310794658, 35.95757284851759], [-86.81944301848539, 35.95757287620315], [-86.81944010010501, 35.95757378924568], [-86.81943717052393, 35.95757469612274], [-86.8194370335301, 35.957574738549305], [-86.81943424085532, 35.957575584011565], [-86.81943376892424, 35.957575725156545], [-86.81943130092777, 35.957576452190125], [-86.81942834979853, 35.95757731411533], [-86.8194274964936, 35.95757755965735], [-86.81942539853563, 35.9575781525691], [-86.81942244046785, 35.95757898122311], [-86.81942119459738, 35.9575793258758], [-86.81941947551, 35.95757979181427], [-86.81941650271898, 35.95758058725011], [-86.81941485986488, 35.95758102198866], [-86.81941352642674, 35.95758136820442], [-86.8194116788673, 35.95758184310517], [-86.8194105377494, 35.957582132979404], [-86.8194075456437, 35.95758287984385], [-86.81940530865761, 35.95758343317465], [-86.81940455439963, 35.95758361588922], [-86.81940154636146, 35.95758432760967], [-86.81939872297197, 35.9575849940297], [-86.81939854055753, 35.9575850357984], [-86.81939566602284, 35.95758569166549], [-86.81939552783645, 35.957585723287096], [-86.81939251154085, 35.95758638917399], [-86.81938948523303, 35.95758704879933], [-86.81938929491668, 35.95758708974272], [-86.81938645755015, 35.957587690412275], [-86.81938603276146, 35.95758777892915], [-86.81938342089589, 35.95758831133916], [-86.81938038628357, 35.957588920559935], [-86.81937955873141, 35.957589083905404], [-86.8193773392961, 35.95758951456836], [-86.81937631473994, 35.95758970993574], [-86.81937429663598, 35.9575900878003], [-86.8193712415107, 35.95759064757865], [-86.81936981193542, 35.95759090873513], [-86.81936818520188, 35.95759119743111], [-86.8193651220197, 35.957591720341554], [-86.81936328834992, 35.95759203207215], [-86.81936205878145, 35.95759223780187], [-86.81936002355334, 35.95759256980526], [-86.81935899088747, 35.95759273366767], [-86.81935591397007, 35.95759321429829], [-86.8193534721846, 35.95759358871684], [-86.81935283800352, 35.95759368226318], [-86.81935019241409, 35.95759406888195], [-86.81934976064396, 35.95759413045756], [-86.81934686699533, 35.95759453678645], [-86.81934667663866, 35.95759456331265], [-86.81934359005102, 35.95759497640525], [-86.81934050132581, 35.957595381424554], [-86.8193403551162, 35.95759540044151], [-86.819337403431, 35.95759576751738], [-86.81933721411846, 35.95759579043211], [-86.81933431086482, 35.95759613555211], [-86.81933121382615, 35.957596489287766], [-86.81933042431879, 35.95759657756168], [-86.81932810868018, 35.957596822243566], [-86.81932500243164, 35.957597142635564], [-86.81932381522954, 35.95759726245117], [-86.81932189713395, 35.95759745036178], [-86.81932050050652, 35.957597582503816], [-86.81931878490103, 35.957597735629946], [-86.81931567806187, 35.95759800916918], [-86.81931386935557, 35.957598162049806], [-86.81931256673944, 35.95759826735439], [-86.81931055402868, 35.957598423469655], [-86.81930944623032, 35.957598504943], [-86.81930633334741, 35.95759872709519], [-86.81930390951945, 35.95759889233817], [-86.81930321374871, 35.95759893760086], [-86.81930058692338, 35.95759909886292], [-86.819300092748, 35.957599127456874], [-86.81929696605575, 35.95759930012104], [-86.8192939180448, 35.95759945879922], [-86.81929384488434, 35.95759946290153], [-86.81929071783992, 35.957599601370546], [-86.81928759740578, 35.957599730739695], [-86.81928743560456, 35.9575997372035], [-86.81928446898321, 35.95759984038312], [-86.81928394258475, 35.9575998583833], [-86.81928134147445, 35.95759993375672], [-86.81928061224187, 35.95759995313745], [-86.81927821378922, 35.95760000998884], [-86.8192750849023, 35.95760007453682], [-86.81927394326098, 35.95760009312011], [-86.81927195684683, 35.957600114815726], [-86.81926882761604, 35.95760014595976], [-86.81926727347357, 35.957600154779215], [-86.81926569926367, 35.95760015740572], [-86.8192625696527, 35.95760015162955], [-86.81926060953842, 35.95760014422326], [-86.8192594410025, 35.95760013415464], [-86.81925631105848, 35.957600096029374], [-86.81925393945507, 35.95760006162178], [-86.81925318209247, 35.95760004787555], [-86.81925060621583, 35.95759999059468], [-86.81925005181351, 35.95759997722532], [-86.81924710211166, 35.957599896379094], [-86.8192469291618, 35.95759989122659], [-86.81924379961198, 35.95759978637392], [-86.81924065114698, 35.95759967171592], [-86.8192375456365, 35.95759953874375], [-86.8192373260405, 35.957599529425245], [-86.8192344223259, 35.957599388750026], [-86.81923130435295, 35.95759922157726], [-86.81923062882126, 35.95759918468077], [-86.8192281806985, 35.95759903817952], [-86.81922506349183, 35.95759884040834], [-86.81922398071343, 35.95759876848177], [-86.81922194503653, 35.95759862638206], [-86.81922066026358, 35.95759853235795], [-86.81921882745884, 35.95759839256978], [-86.81921570974087, 35.95759814513209], [-86.81921402551178, 35.957598006090855], [-86.8192125985698, 35.95759788244127], [-86.81921071106368, 35.957597712256344], [-86.81920948602303, 35.95759760164996], [-86.81920739661328, 35.9575974076966], [-86.81920638114053, 35.95759730911437], [-86.8192032761345, 35.957596994074294], [-86.8192007802426, 35.95759673431657], [-86.81920017199937, 35.95759666909426], [-86.81919707323577, 35.957596319726214], [-86.81919414306333, 35.95759598274907], [-86.819193974398, 35.957595963149934], [-86.81919086757195, 35.95759558684801], [-86.81815780946316, 35.95746719009179], [-86.81769399047252, 35.957409539882214], [-86.81677403462905, 35.95729518505086], [-86.81677228871804, 35.9572949769444], [-86.81677054298679, 35.95729479688027], [-86.81676879093632, 35.95729464375979], [-86.81676703921683, 35.95729451235103], [-86.8167652809728, 35.9572944089422], [-86.81676352312287, 35.95729433339844], [-86.81676176533183, 35.957294274117764], [-86.81675999462801, 35.9572942420013], [-86.8167582440953, 35.957294236736566], [-86.81675648050476, 35.95729425503263], [-86.81675472388564, 35.95729429939098], [-86.81675296079499, 35.95729436638626], [-86.81675120469384, 35.95729446120188], [-86.81674944869748, 35.95729457676376], [-86.81674770088985, 35.95729472110484], [-86.81674595216093, 35.95729489156165], [-86.81674420367287, 35.95729508548912], [-86.8167424621012, 35.957295300116556], [-86.81674073519649, 35.95729554260015], [-86.8167389940346, 35.95729580768565], [-86.81673727315194, 35.95729609962219], [-86.81673555368151, 35.95729641326316], [-86.8167338400121, 35.95729675482041], [-86.8167321409437, 35.9572971178167], [-86.81673044209819, 35.95729750252556], [-86.81672875683746, 35.957297915009896], [-86.81672708510735, 35.9572983499956], [-86.81672540695082, 35.95729881201348], [-86.81672375015273, 35.95729929014999], [-86.81672210574109, 35.95729979519108], [-86.81672046934595, 35.957300322770855], [-86.81671884642837, 35.95730087821486], [-86.8167172304884, 35.95730144978712], [-86.81671562801604, 35.957302048256636], [-86.8167140391824, 35.95730266922669], [-86.81671247154698, 35.95730331176696], [-86.816710910836, 35.95730397579835], [-86.8167093625736, 35.95730466225051], [-86.81670782999515, 35.95730537031019], [-86.81670631646058, 35.95730610074588], [-86.8167048176352, 35.95730685261988], [-86.81670333103106, 35.95730761531194], [-86.81670186601636, 35.95730841662626], [-86.81670041538453, 35.957309228656], [-86.81669898389558, 35.95731006218194], [-86.81669757366508, 35.95731091261833], [-86.81669617690403, 35.957311790127854], [-86.8166948004193, 35.95731268367534], [-86.81669344508492, 35.95731359413406], [-86.81669210327216, 35.95731452621504], [-86.81669078823192, 35.957315475169054], [-86.81668949340775, 35.95731644482084], [-86.81668821313853, 35.95731743142854], [-86.81668695964281, 35.95731843499722], [-86.8166857274515, 35.95731945995953], [-86.81668451418501, 35.95732049569438], [-86.8166833355226, 35.957321552820574], [-86.81668215703615, 35.95732262708817], [-86.81668101968414, 35.957323716373196], [-86.81667989581678, 35.95732482367636], [-86.81667880535149, 35.9573259405989], [-86.81667772949707, 35.95732707992751], [-86.81667668705461, 35.95732822984246], [-86.8166756646732, 35.957329395884884], [-86.81667467025457, 35.957330578880125], [-86.81667368923571, 35.95733177163056], [-86.81667274812597, 35.95733297589026], [-86.81667182843871, 35.95733420250977], [-86.81667093539504, 35.95733543343201], [-86.81667006242137, 35.957336681360715], [-86.81666922394089, 35.95733793986837], [-86.81666841325007, 35.957339209000594], [-86.81666762818752, 35.957340488859856], [-86.81666686431844, 35.957341779300485], [-86.81666614154686, 35.95734308115443], [-86.81666543229406, 35.95734439381765], [-86.81666475634422, 35.95734571698], [-86.81666411369913, 35.95734705081738], [-86.81666349220153, 35.95734839075296], [-86.81666290518807, 35.95734974038847], [-86.81666234500118, 35.957351101622095], [-86.81666181123875, 35.957352456346804], [-86.81666131208955, 35.95735383334193], [-86.81666083288945, 35.95735521556428], [-86.81666039370374, 35.95735659848212], [-86.81665997570249, 35.95735799110227], [-86.81651780315077, 35.9578553446558], [-86.81645673312119, 35.95806897606466], [-86.81638187609563, 35.95835769397277], [-86.81626776068981, 35.958797816958054], [-86.8161701359874, 35.959174316824445], [-86.81594125161212, 35.96005704882818], [-86.81579903938956, 35.960605499754685], [-86.81563216606561, 35.96124904492817], [-86.8154769382979, 35.96184767405229], [-86.81540788857325, 35.962224506726265], [-86.8152155819826, 35.96279085080568], [-86.81501098658126, 35.963393370890536], [-86.81475239706786, 35.96415490098121], [-86.81464905282513, 35.96445923341666], [-86.81453372165204, 35.96479887208814], [-86.81395416453469, 35.966505540049994], [-86.81355410898631, 35.966444813377926], [-86.81355406716818, 35.966444943416825], [-86.81341130487036, 35.96686532567806], [-86.81341097941545, 35.966866240039025], [-86.81341064720063, 35.966867148995206], [-86.8134102849772, 35.96686805270371], [-86.81340990841633, 35.96686895026742], [-86.81340950723553, 35.96686984078875], [-86.81340909496042, 35.96687072505553], [-86.81340865604771, 35.96687160589789], [-86.81340820829594, 35.96687248952521], [-86.81340773040701, 35.96687335533452], [-86.81340723913414, 35.96687421305847], [-86.81340673347948, 35.96687507087964], [-86.81340620881979, 35.96687592082929], [-86.81340565860046, 35.9668767564464], [-86.81340509725239, 35.96687759301782], [-86.81340451694264, 35.9668784153879], [-86.81340391439998, 35.96687923149066], [-86.81340331068428, 35.9668800386345], [-86.81340266687661, 35.96688083796141], [-86.81340202185818, 35.96688162463739], [-86.81340136794589, 35.96688240873605], [-86.81340067180344, 35.966883176856584], [-86.81339997777694, 35.96688394039145], [-86.81339926254581, 35.96688469246541], [-86.8133985295497, 35.96688543103319], [-86.81339778314593, 35.9668861697795], [-86.81339702761726, 35.96688688335704], [-86.81339624659374, 35.966887588931115], [-86.81339545319713, 35.96688829010536], [-86.81339464969592, 35.96688897605138], [-86.81339382735825, 35.96688964946558], [-86.81339299371895, 35.96689031750563], [-86.81339214225262, 35.96689096597406], [-86.81339127835663, 35.9668916045047], [-86.81339040454681, 35.96689223589362], [-86.81338951825342, 35.9668928520704], [-86.81338860867216, 35.96689345398718], [-86.81338769887218, 35.966894045092374], [-86.81338677238938, 35.96689462277204], [-86.81338582895273, 35.96689518166541], [-86.81338487777383, 35.96689573428153], [-86.81338391312026, 35.96689626993398], [-86.81338294178691, 35.966896797455874], [-86.81338195353568, 35.96689730970771], [-86.81338095523311, 35.96689780136838], [-86.81337995564846, 35.96689828398292], [-86.81337893706528, 35.966898748791955], [-86.81337791060398, 35.96689920459949], [-86.81337687512737, 35.96689964596258], [-86.81337583169088, 35.966900070324776], [-86.81337477260709, 35.966900476771], [-86.81337371680172, 35.96690087598638], [-86.81337264504019, 35.966901248233], [-86.81337156231139, 35.96690161607035], [-86.81337047716441, 35.966901969506594], [-86.81336937846896, 35.96690229877097], [-86.81336828738534, 35.9669026215665], [-86.8133671740125, 35.966902922007385], [-86.81336606271066, 35.96690321346742], [-86.81336494351835, 35.96690348414591], [-86.81336381735812, 35.96690373966289], [-86.813362691094, 35.96690397443365], [-86.81336155149168, 35.966904205602205], [-86.81336041711033, 35.96690440798868], [-86.81335927823976, 35.9669046049551], [-86.8133581236293, 35.96690477495122], [-86.81335697004543, 35.96690493957786], [-86.81335581615113, 35.96690508442669], [-86.81335466111746, 35.966905213019714], [-86.81335349915749, 35.96690531994553], [-86.81335233816921, 35.96690541613971], [-86.81335117696884, 35.96690549158834], [-86.81335000799845, 35.966905558034725], [-86.81334883867189, 35.96690560022002], [-86.8133476771555, 35.96690563417691], [-86.81334650753415, 35.96690564752951], [-86.81334533893605, 35.96690564461165], [-86.81334416904451, 35.96690562095565], [-86.81334299896217, 35.966905589213084], [-86.81334183640755, 35.96690553218928], [-86.81334067268794, 35.966905466997666], [-86.81333950995565, 35.96690538201939], [-86.81333834585861, 35.96690527990774], [-86.81333718922788, 35.96690515708663], [-86.8133360326217, 35.96690502608966], [-86.81333487580343, 35.96690487434714], [-86.81333372438944, 35.966904711755085], [-86.81333258162218, 35.96690452756649], [-86.81333143538241, 35.96690433162127], [-86.81333029789567, 35.96690411390296], [-86.81329617943886, 35.96689742143043], [-86.81172032044955, 35.966588221351806], [-86.81157844746471, 35.966560381823854], [-86.81118495990427, 35.966491551530524], [-86.81118429512306, 35.96649388054594], [-86.81118358161882, 35.966496214285165], [-86.81118281459236, 35.966498516912935], [-86.81118199987043, 35.96650081898297], [-86.8111811373507, 35.96650311047417], [-86.81118022799726, 35.96650537986374], [-86.81117927101876, 35.96650764500279], [-86.81117825947464, 35.966509893366904], [-86.81117720126849, 35.96651212586987], [-86.81117610184971, 35.966514336057436], [-86.81117494804988, 35.96651654757844], [-86.81117374735895, 35.96651873137188], [-86.81117250551175, 35.96652089838793], [-86.81117121690333, 35.96652305042259], [-86.8111698794048, 35.96652518019355], [-86.81116849502791, 35.96652729410484], [-86.81116706397911, 35.96652939118796], [-86.81116559059144, 35.96653146156778], [-86.81116407816266, 35.966533510496674], [-86.81116251668398, 35.966535542701344], [-86.81116091513624, 35.966537548099474], [-86.81115926556346, 35.966539531228165], [-86.81115757598712, 35.96654149396728], [-86.8111558450263, 35.966543428150494], [-86.81115407394391, 35.96654534097803], [-86.81115226160311, 35.96654722700699], [-86.81115041448285, 35.96654908531465], [-86.81114852069841, 35.96655091694808], [-86.8111465856029, 35.96655272723383], [-86.81114461685291, 35.9665545034611], [-86.81114261345044, 35.966556253812314], [-86.81114056997008, 35.966557976477944], [-86.81113848505854, 35.966559666016565], [-86.81113636662242, 35.96656133424294], [-86.81113422021625, 35.966562963801174], [-86.81113203352572, 35.96656456664218], [-86.81112981210924, 35.966566136398974], [-86.81112755046091, 35.966567673987726], [-86.81112526744165, 35.9665691837648], [-86.8111229508303, 35.9665706549995], [-86.81112059950101, 35.966572093941174], [-86.81111821458354, 35.96657350532921], [-86.81111580938243, 35.96657487887653], [-86.81111336945528, 35.96657621933951], [-86.81111090254119, 35.96657752209478], [-86.81110840760618, 35.96657879180849], [-86.81110588556625, 35.966580022848255], [-86.81110333669398, 35.96658122075059], [-86.81110075970086, 35.96658238640323], [-86.81109816242491, 35.96658351430297], [-86.81109555128074, 35.96658459719785], [-86.81109290553752, 35.96658564885376], [-86.8110902327894, 35.966586661043785], [-86.81108753856907, 35.96658763548892], [-86.81108483178909, 35.96658857661252], [-86.81108210347418, 35.96658947383788], [-86.81107935487563, 35.966590333222356], [-86.8110765913929, 35.96659115402631], [-86.81107380869982, 35.966591936191016], [-86.81107101118405, 35.96659267520344], [-86.81106819343131, 35.96659338094611], [-86.8110653685253, 35.96659404269355], [-86.81106252208167, 35.96659466027902], [-86.81105966860397, 35.96659524556066], [-86.81105680262912, 35.9665957930369], [-86.81105392159452, 35.96659628470331], [-86.81105103362408, 35.966596743098215], [-86.81104813759987, 35.96659716462481], [-86.81104522878873, 35.96659754113922], [-86.81104231298627, 35.96659787893204], [-86.81103938895734, 35.966598173528126], [-86.81103646453319, 35.96659842935817], [-86.81103353415428, 35.96659864206413], [-86.81103059552913, 35.96659880963938], [-86.8110276565187, 35.966598939415576], [-86.81102471705745, 35.96659902497559], [-86.81102177169615, 35.966599072773676], [-86.81101883809417, 35.96659907539433], [-86.81101587734247, 35.96659903494566], [-86.81101294291423, 35.96659895651792], [-86.81101000137677, 35.96659883840246], [-86.81100706712931, 35.966598671623096], [-86.81100413135191, 35.966598471447895], [-86.81100121626406, 35.9665982216395], [-86.81099828630022, 35.96659793404175], [-86.81099537032293, 35.966597607581065], [-86.81099245951778, 35.96659723686633], [-86.81098956270904, 35.966596828255625], [-86.81057839744201, 35.96653554915245], [-86.8102222654816, 35.96648247423125], [-86.80561171225618, 35.96571471408516], [-86.8057065843592, 35.965100980276894], [-86.8057073016103, 35.965096375107976], [-86.80570741746224, 35.96509566322266], [-86.80570747595151, 35.965095309518006], [-86.80570759285719, 35.96509459490043], [-86.80570785505869, 35.96509300055479], [-86.80570803154383, 35.96509193310435], [-86.80570829379967, 35.965090344120824], [-86.80570847260095, 35.96508928113839], [-86.80570874138063, 35.96508768499044], [-86.80570892356154, 35.96508662471059], [-86.8057091990093, 35.9650850356388], [-86.80570938348855, 35.965083978068776], [-86.8057096644496, 35.96508237814712], [-86.80570985215408, 35.96508131870935], [-86.80571013307105, 35.96507972511752], [-86.8057103263716, 35.965078663005], [-86.80571061845363, 35.965077072063686], [-86.80571081180848, 35.96507601531334], [-86.80571110597032, 35.965074416182404], [-86.8057113059033, 35.96507335762985], [-86.80571160582502, 35.965071771998595], [-86.8057118080288, 35.9650707134308], [-86.80571211342868, 35.96506912415858], [-86.80571231889408, 35.96506806732717], [-86.80571263105325, 35.96506648346016], [-86.80571284208716, 35.965065421228964], [-86.80571315850743, 35.96506383100384], [-86.80571336961346, 35.96506277589291], [-86.80571368613296, 35.96506118478801], [-86.80571390156506, 35.965060129736045], [-86.80571423029353, 35.965058537582436], [-86.8057144491044, 35.96505748514516], [-86.80571478004173, 35.96505589754807], [-86.80571533534864, 35.965053251146976], [-86.80571590832704, 35.96505060919898], [-86.80571647813456, 35.96504797448083], [-86.80571706117796, 35.965045333344506], [-86.80571764756361, 35.96504269121886], [-86.80571824953122, 35.96504006076894], [-86.80571885145338, 35.965037425835824], [-86.80571947120731, 35.96503478981639], [-86.80572009642289, 35.96503215921083], [-86.8057207306222, 35.965029529424314], [-86.80572137139964, 35.965026897835465], [-86.8057220165641, 35.96502426164594], [-86.80572267411196, 35.965021641637], [-86.80572333603888, 35.96501901623616], [-86.80572401235509, 35.96501639153025], [-86.8057246876363, 35.96501377140258], [-86.80572538276809, 35.96501114665861], [-86.80572608021598, 35.96500852638261], [-86.80572678436792, 35.96500590606171], [-86.8057275017661, 35.96500329101469], [-86.80572821927323, 35.965000676054885], [-86.80572895226078, 35.96499806274959], [-86.80572969289801, 35.964995446667956], [-86.80573044259191, 35.96499283861346], [-86.80573119897211, 35.96499022875594], [-86.80573195967743, 35.96498761886954], [-86.80573273157536, 35.964985014358646], [-86.80573350791555, 35.96498241069716], [-86.80573430079875, 35.96497980683694], [-86.80573509821537, 35.964977202155254], [-86.80573590673337, 35.96497460451997], [-86.8057367185313, 35.964971999742026], [-86.8057375327637, 35.9649694111233], [-86.80573836787276, 35.96496681243099], [-86.80573920417262, 35.964964224543664], [-86.80574005166372, 35.9649616312189], [-86.80574090233593, 35.96495904235624], [-86.80574176644389, 35.96495645612891], [-86.80574263830955, 35.96495386712443], [-86.80574351347435, 35.96495128354835], [-86.80574440314638, 35.96494870163332], [-86.80574529502631, 35.96494612418698], [-86.80574619230252, 35.96494353501237], [-86.80574710765788, 35.96494096918893], [-86.80574802948989, 35.96493839154204], [-86.80574895245829, 35.964935819338024], [-86.80574989100634, 35.96493324790888], [-86.80575083619574, 35.964930680918656], [-86.80575178137617, 35.964928113049424], [-86.80575274441676, 35.96492554690677], [-86.80575370966531, 35.96492298523274], [-86.80575468487073, 35.964920424371165], [-86.80575566450052, 35.96491786260087], [-86.80575666089184, 35.964915311531406], [-86.80575766048082, 35.964912755869186], [-86.80575866796404, 35.96491020024202], [-86.80575968425123, 35.96490764903931], [-86.8057607106675, 35.96490510497755], [-86.80576173922763, 35.96490255905525], [-86.80576277664548, 35.96490001219454], [-86.80576382966167, 35.96489746795468], [-86.80576488488671, 35.96489492827137], [-86.8057659435082, 35.964892392960856], [-86.80576701554766, 35.96488985852753], [-86.80576809514635, 35.9648873230766], [-86.80576918606448, 35.964884794846505], [-86.80577028128903, 35.96488226474137], [-86.80577138875006, 35.9648797363126], [-86.80577249852807, 35.964877212439625], [-86.80577361051404, 35.9648746930353], [-86.8057747425219, 35.96487217525521], [-86.80577587781985, 35.964869662024405], [-86.80577702420007, 35.96486714326899], [-86.80577817290605, 35.96486462994844], [-86.80577933379566, 35.964862123754976], [-86.80578050352423, 35.96485961477717], [-86.80578167228848, 35.964857106684846], [-86.80578285874206, 35.96485460480365], [-86.80578404740355, 35.96485210739118], [-86.80578524834645, 35.96484960541308], [-86.80578645036306, 35.9648471133616], [-86.80578766688772, 35.96484462305917], [-86.80578889221408, 35.96484212628032], [-86.80579011871333, 35.96483963854841], [-86.80579135307093, 35.964837157972596], [-86.80579259628624, 35.964834676458324], [-86.80579385616245, 35.96483219571165], [-86.80579511382305, 35.96482972043023], [-86.80579638490066, 35.96482724593811], [-86.80579766579937, 35.96482476953413], [-86.80579894801566, 35.96482230578046], [-86.80580023902553, 35.9648198347592], [-86.80580154119193, 35.96481737623447], [-86.80580284783656, 35.96481491143808], [-86.80580415777038, 35.964812451103185], [-86.80580548550162, 35.964809996978666], [-86.80580681216041, 35.96480754374039], [-86.80580815325474, 35.964805095768085], [-86.80580949984589, 35.9648026460007], [-86.80581085765624, 35.964800204245996], [-86.8058122188097, 35.96479776158986], [-86.80581358221735, 35.964795327973334], [-86.80581496445602, 35.964792885175996], [-86.80581634452363, 35.96479045223916], [-86.80581774022689, 35.96478802561511], [-86.80581914025443, 35.96478559887418], [-86.80582055261853, 35.964783173017665], [-86.80582196708242, 35.96478075163058], [-86.80582338504288, 35.96477833382436], [-86.80582481850243, 35.96477591951872], [-86.80582625530502, 35.96477350431162], [-86.80582769888464, 35.9647710962678], [-86.80582915563735, 35.96476868628961], [-86.805830610328, 35.964766286259135], [-86.805832077256, 35.96476388799288], [-86.8058335551767, 35.964761486048666], [-86.8058350432442, 35.9647590930034], [-86.80583653351968, 35.96475670442677], [-86.80583803155372, 35.96475431316086], [-86.80583953402153, 35.964751932590424], [-86.80584105428622, 35.964749547505214], [-86.80584256800918, 35.964747167826395], [-86.80584410056595, 35.964744800592705], [-86.80584564306034, 35.96474242160033], [-86.80584718130375, 35.964740060658066], [-86.80584873055723, 35.964737687070816], [-86.80585029539166, 35.96473532507143], [-86.80585185689179, 35.9647329648526], [-86.80585342392513, 35.96473060644276], [-86.80585501104531, 35.96472825607419], [-86.80585659374005, 35.96472590652635], [-86.8058581920153, 35.96472355784121], [-86.80585979696828, 35.964721217199205], [-86.80586140193007, 35.964718877436184], [-86.80586302251774, 35.96471654301899], [-86.80586464634037, 35.96471420770099], [-86.80586628028216, 35.964711878556955], [-86.80586791751324, 35.96470955387428], [-86.80586956698163, 35.96470723095582], [-86.80587122318157, 35.96470491071746], [-86.8058728860691, 35.96470259948916], [-86.80587455337115, 35.96470028638517], [-86.80587622848526, 35.96469797586612], [-86.8058779125211, 35.96469567073783], [-86.80587960436092, 35.96469336740336], [-86.80588129516481, 35.964691068559276], [-86.8058830025944, 35.96468877769166], [-86.80588471562885, 35.96468648502823], [-86.80588643852981, 35.96468419493615], [-86.80588816389232, 35.964681913003204], [-86.80588989911239, 35.964679632762426], [-86.80589163886496, 35.964677351612224], [-86.80589338760251, 35.96467508209392], [-86.80589514065622, 35.96467281166761], [-86.80589690502846, 35.96467054837421], [-86.80589867371687, 35.964668284172745], [-86.80590044471244, 35.96466602356019], [-86.80590223459471, 35.96466376994188], [-86.8059040222524, 35.96466152090984], [-86.80590582441818, 35.96465927362673], [-86.80590762661946, 35.96465702985983], [-86.8059094409775, 35.96465479058287], [-86.8059112620485, 35.96465255214005], [-86.80591308651768, 35.96465031824578], [-86.80591491994336, 35.96464809317054], [-86.80591676113742, 35.96464586637291], [-86.80591860118643, 35.9646436439785], [-86.80592046023207, 35.96464142875344], [-86.80592232148562, 35.96463921799707], [-86.80592418385683, 35.96463701083749], [-86.80592606184413, 35.964634808056786], [-86.80592794973391, 35.96463260072635], [-86.80592983785012, 35.96463040508644], [-86.80593172586792, 35.964628210414155], [-86.80593363278129, 35.964626023615246], [-86.80593554530041, 35.964623835108455], [-86.80593745790935, 35.964621655480045], [-86.80593938384668, 35.96461947857555], [-86.80594131419853, 35.964617299795265], [-86.80594324793135, 35.964615134530604], [-86.80594519061127, 35.96461296648081], [-86.805947149908, 35.96461080552832], [-86.80594910488834, 35.96460864548389], [-86.8059510653481, 35.964606492611395], [-86.80595304034345, 35.96460434421294], [-86.8059550187175, 35.964602198429084], [-86.80595699487587, 35.96460005811058], [-86.80595898883165, 35.964597924002405], [-86.80596098612953, 35.96459578890477], [-86.8059629946475, 35.96459366190772], [-86.8059650053547, 35.964591537533344], [-86.80596702280242, 35.964589416718084], [-86.80596905133444, 35.96458730127909], [-86.80597108100295, 35.96458519128285], [-86.80597311846557, 35.9645830821136], [-86.80597516485798, 35.96458097912611], [-86.80597721682902, 35.96457888243079], [-86.8059792788196, 35.964576782064086], [-86.80598133867642, 35.96457469524986], [-86.80598340967055, 35.96457260836102], [-86.80598548066457, 35.964570521472154], [-86.80598756941194, 35.964568447123504], [-86.80598965605094, 35.96456637815151], [-86.80599175821513, 35.96456430459212], [-86.80599339715681, 35.964562693819296], [-86.80599386047894, 35.96456224087795], [-86.80599596940355, 35.96456018353667], [-86.80599808836553, 35.96455812428206], [-86.8060002117256, 35.9645560722066], [-86.80600233858131, 35.96455402362414], [-86.80600447645068, 35.96455198411063], [-86.80600661780684, 35.964549947211026], [-86.80600876466859, 35.96454790939544], [-86.80601092161538, 35.96454588505054], [-86.80601308297663, 35.9645438588299], [-86.80601525436771, 35.96454184062987], [-86.80601742483182, 35.964539827007364], [-86.80601960509915, 35.964537809714834], [-86.80602179436926, 35.96453580581231], [-86.8060239837572, 35.964533802876005], [-86.80602618975219, 35.96453180607014], [-86.80602839363074, 35.96452981384974], [-86.80603060078069, 35.96452782433265], [-86.80603281812292, 35.964525848197546], [-86.80603504864655, 35.96452386028209], [-86.80603727934373, 35.96452188950797], [-86.8060395099327, 35.964519918734574], [-86.8060417584538, 35.96451795680796], [-86.80604400483983, 35.9645159976208], [-86.80604626333633, 35.964514038352526], [-86.80604852526757, 35.96451208723695], [-86.80605079493027, 35.96451014143206], [-86.80605306362858, 35.964508196512696], [-86.80605534457449, 35.96450626504956], [-86.80605763435933, 35.964504330801915], [-86.80605992757893, 35.96450240470699], [-86.80606222406902, 35.96450048122745], [-86.80606452747185, 35.96449856763545], [-86.80606683519085, 35.96449665313541], [-86.80606915516408, 35.96449474206966], [-86.80607147629237, 35.96449283829277], [-86.80607380630508, 35.96449093621453], [-86.8060761398077, 35.9644890477391], [-86.80607847892229, 35.964487158171025], [-86.80608082686925, 35.96448527584044], [-86.80608317819569, 35.96448339621234], [-86.80608553627157, 35.964481521022506], [-86.80608790100646, 35.96447965202963], [-86.80609025909328, 35.96447778861967], [-86.80609264725709, 35.964475926678574], [-86.8060950265475, 35.96447407481859], [-86.80609741701086, 35.964472226400254], [-86.80609980965532, 35.964470379813356], [-86.8061022024533, 35.96446853770882], [-86.80610461079654, 35.964466703675846], [-86.80610701810383, 35.96446487413321], [-86.80610944094572, 35.964463051607275], [-86.8061118605183, 35.964461237278854], [-86.80611428570462, 35.964459422033705], [-86.80611671753218, 35.9644576112275], [-86.80611916164247, 35.96445580666853], [-86.80612160366304, 35.964454009332215], [-86.80612404999982, 35.964452211087824], [-86.80612651094349, 35.96445042434983], [-86.80612897412212, 35.964448634080334], [-86.8061314385027, 35.96444686639582], [-86.80613391721585, 35.96444508314296], [-86.8061363883546, 35.96444332077568], [-86.80613887949733, 35.96444155827433], [-86.80614136948698, 35.96443979938501], [-86.80614385735939, 35.96443804499323], [-86.80614636196563, 35.964436298577205], [-86.80614886433753, 35.9644345557804], [-86.80615138235304, 35.964432820087396], [-86.80615390026124, 35.96443108448308], [-86.80615641500651, 35.96442935689968], [-86.80615894862149, 35.964427634640366], [-86.8061614824451, 35.964425922313524], [-86.80616402716214, 35.96442420718838], [-86.80616655771551, 35.96442250297116], [-86.806169109319, 35.96442080582152], [-86.80617166652728, 35.96441910687609], [-86.80617422711657, 35.96441742144622], [-86.80617679212922, 35.964415735019614], [-86.80617936055798, 35.96441405489975], [-86.8061819401783, 35.96441238006732], [-86.80618451761062, 35.964410713425266], [-86.80618710727045, 35.96440904758038], [-86.80618969706734, 35.964407395272765], [-86.80619229340485, 35.9644057374708], [-86.80619489886304, 35.964404094025035], [-86.80619750421303, 35.964402450579996], [-86.80620011974727, 35.964400819725796], [-86.80620274521155, 35.964399187046844], [-86.8062053552413, 35.96439756792154], [-86.8062079841384, 35.96439594321936], [-86.80621061525324, 35.964394323952725], [-86.8062132553816, 35.964392719130934], [-86.80621590112283, 35.96439111330452], [-86.80621854914502, 35.96438951915485], [-86.80622120159153, 35.96438792409641], [-86.80622385632788, 35.9643863415938], [-86.8062265221748, 35.964384756379395], [-86.80622919151972, 35.96438318555891], [-86.80623186636932, 35.96438161373445], [-86.80623453804893, 35.964380049227714], [-86.80623722739898, 35.96437848908607], [-86.80623991358699, 35.964376937053295], [-86.80624260074806, 35.96437538501395], [-86.80624530263394, 35.96437384544717], [-86.80624800326845, 35.964372310460114], [-86.80625071295965, 35.96437078350003], [-86.8062534226507, 35.96436925653999], [-86.80625614125464, 35.9643677340915], [-86.80625886331026, 35.964366221465816], [-86.80626158525766, 35.964364708840854], [-86.80626432072265, 35.964363206938266], [-86.80626705618837, 35.964361705123515], [-86.80626979291706, 35.96436022123407], [-86.80627254183669, 35.96435873453764], [-86.80627529405531, 35.96435725326952], [-86.80627804864525, 35.96435578191943], [-86.8062808032351, 35.964354310569234], [-86.80628356575629, 35.96435285358319], [-86.80628633593584, 35.96435139469972], [-86.80628910740545, 35.9643499457414], [-86.8062918823187, 35.96434850581479], [-86.80629466932368, 35.96434706396101], [-86.80629745314882, 35.964345628458005], [-86.80630024577779, 35.964344197379404], [-86.80630303420087, 35.96434277810899], [-86.80630584254646, 35.96434136134239], [-86.80630864433255, 35.96433994822398], [-86.80631146168173, 35.964338544935195], [-86.80631426578613, 35.964337147185546], [-86.80631708766823, 35.964335753712206], [-86.80631991188605, 35.96433436664072], [-86.80632273281495, 35.96433298583289], [-86.80632556591847, 35.964331611272954], [-86.80632840250964, 35.9643302394148], [-86.80633124352654, 35.96432887746093], [-86.80633407587572, 35.964327524531846], [-86.80633693131026, 35.96432616608555], [-86.8063397825736, 35.964324822875696], [-86.80634263491905, 35.96432347974644], [-86.80634550175527, 35.96432214733307], [-86.80634835988809, 35.964320820428405], [-86.8063512334385, 35.96431949966204], [-86.80635410497091, 35.964318182513516], [-86.80635698425435, 35.96431687260952], [-86.8063598635279, 35.96431556173853], [-86.80636275290433, 35.96431426609633], [-86.80636563686672, 35.964312980424204], [-86.80636852965914, 35.964311691088476], [-86.80637143037397, 35.96431041523786], [-86.8063743311164, 35.96430914211226], [-86.80637723629107, 35.96430786886898], [-86.80638014485662, 35.96430661010821], [-86.80638306348706, 35.96430535215903], [-86.80736519429475, 35.96388336347825], [-86.80736816814488, 35.96388208350845], [-86.80737113635436, 35.96388080181824], [-86.80737409679378, 35.96387951103736], [-86.80737705817955, 35.96387821761269], [-86.80738001622137, 35.96387691436439], [-86.80738297546061, 35.963875611899184], [-86.80738592339989, 35.963874304147154], [-86.80738887922358, 35.96387299546303], [-86.80739182380016, 35.96387167604127], [-86.80739476391567, 35.96387035392408], [-86.80739770403103, 35.96386903180685], [-86.80740064623579, 35.96386770246687], [-86.80740357958116, 35.96386636325229], [-86.80740650613305, 35.96386502592935], [-86.80740943712547, 35.9638636786426], [-86.80741235812354, 35.9638623268515], [-86.80741528466457, 35.96386097783626], [-86.80741819446088, 35.96385961979055], [-86.80742111412376, 35.9638582536787], [-86.80742401956795, 35.9638568930247], [-86.80742693473314, 35.9638555206133], [-86.80742983989504, 35.96385414281849], [-86.80743273951545, 35.96385276242343], [-86.80743563571957, 35.96385137572162], [-86.80743852851623, 35.96384998359216], [-86.80744142247549, 35.96384858881748], [-86.8074443118102, 35.96384718589807], [-86.8074471968019, 35.9638457812495], [-86.80745007615198, 35.96384437479261], [-86.80745295668245, 35.96384296744853], [-86.80745583480474, 35.963841546582316], [-86.80745870623183, 35.96384012664005], [-86.80746156990939, 35.963838699628944], [-86.80746443462178, 35.96383726803947], [-86.80746730708273, 35.9638358327936], [-86.80747015609673, 35.96383438873803], [-86.80747300521789, 35.96383294459376], [-86.80747585646579, 35.963831496918715], [-86.80747871099244, 35.96383004201296], [-86.80748155324511, 35.96382858173896], [-86.80748438774891, 35.96382712512124], [-86.80748722872003, 35.9638256558009], [-86.80749006534805, 35.963824184751445], [-86.8074928964346, 35.96382271110172], [-86.80749571844467, 35.96382122749101], [-86.80749854041893, 35.96381974036405], [-86.80750137024009, 35.963818248613], [-86.8075041766435, 35.96381676159033], [-86.80750699191096, 35.96381526360723], [-86.8075098038978, 35.96381376204174], [-86.80751260455797, 35.96381225255216], [-86.80751540745126, 35.963810739355424], [-86.80751819933397, 35.96380922807855], [-86.807520997684, 35.963807704099075], [-86.80752378607714, 35.963806179307205], [-86.80752657550504, 35.96380464993699], [-86.80752935606718, 35.96380312071411], [-86.80753214205184, 35.963801582399945], [-86.80753492030483, 35.963800038775034], [-86.80753768846425, 35.96379849152554], [-86.8075404577773, 35.96379694075177], [-86.80754322698125, 35.9637953898908], [-86.80754598729003, 35.96379382563903], [-86.8075487430752, 35.96379226317578], [-86.8075514989327, 35.96379069719559], [-86.80755424801202, 35.96378912396416], [-86.80755699590178, 35.96378755074066], [-86.80755973489653, 35.96378596412642], [-86.80756247497153, 35.963784377416964], [-86.80756520950509, 35.963782788107316], [-86.80756794066777, 35.96378119697408], [-86.8075706650443, 35.963779597798506], [-86.80757339161823, 35.9637779913994], [-86.8075761137677, 35.96377638590909], [-86.80757883145608, 35.9637747777234], [-86.80758154127788, 35.96377316159053], [-86.8075842488808, 35.96377153993409], [-86.80758695647552, 35.963769917486445], [-86.80758966059041, 35.963768293128076], [-86.8075923513957, 35.96376665725467], [-86.80759504328216, 35.963765021373995], [-86.80759773736513, 35.96376337818191], [-86.80760042033836, 35.96376173778954], [-86.80760310322046, 35.96376008843078], [-86.80760577719037, 35.963758434648305], [-86.80760845339344, 35.963756777158565], [-86.80761112501031, 35.963755115304004], [-86.80761379335468, 35.96375345065816], [-86.80761645056984, 35.963751776240926], [-86.80761910659457, 35.96375010174373], [-86.8076217613664, 35.96374842101317], [-86.80762440966913, 35.96374674217214], [-86.80762705445632, 35.96374505790411], [-86.80762970143113, 35.96374336544566], [-86.80763233734092, 35.963741669544966], [-86.80763496975393, 35.96373997006329], [-86.80763759782288, 35.963738268764615], [-86.80764022348366, 35.9637365539438], [-86.80764284478504, 35.96373484644871], [-86.80764545943424, 35.963733133459854], [-86.80764807735414, 35.96373141244909], [-86.80765068966014, 35.963729692355024], [-86.80765329187184, 35.963727957911296], [-86.80765588847855, 35.96372622526332], [-86.8076584873103, 35.96372448811694], [-86.8076610817981, 35.96372274915342], [-86.80766366831114, 35.963721002243574], [-86.80766625155165, 35.963719252542425], [-86.80766883131407, 35.963717501106395], [-86.80767141222027, 35.963715745179115], [-86.80767397987933, 35.96371398389022], [-86.8076765495561, 35.963712218983396], [-86.80767911045653, 35.96371045237719], [-86.80768167119331, 35.96370868032153], [-86.80768422424393, 35.96370690743828], [-86.80768677930173, 35.963705119245056], [-86.80768932335708, 35.963703333762915], [-86.8076918674132, 35.96370154836863], [-86.8076944036098, 35.963699755730424], [-86.80769694085103, 35.9636979594808], [-86.80769946592724, 35.963696157950196], [-86.80770198866844, 35.96369435010562], [-86.80770451352655, 35.963692537763315], [-86.80770702515782, 35.96369073271842], [-86.80770953780446, 35.963688910524056], [-86.8077120460355, 35.963687090117496], [-86.80771455530311, 35.96368526530837], [-86.80771705569418, 35.96368343959175], [-86.80771954376576, 35.963681604023755], [-86.80772203957702, 35.963679763920396], [-86.8077245198452, 35.96367792664644], [-86.80772700125631, 35.96367608479349], [-86.8077294858389, 35.96367423579837], [-86.8077319515516, 35.963672381479356], [-86.80773441842595, 35.96367052442727], [-86.80773688626442, 35.963668666489525], [-86.80773934532559, 35.96366680676452], [-86.80774180417856, 35.96366493719491], [-86.80774425424529, 35.96366306495892], [-86.80774670094118, 35.963661190899344], [-86.8077492630412, 35.96365922323159], [-86.80774938406813, 35.96365912958575], [-86.8077515774174, 35.96365742759713], [-86.80775400411729, 35.96365554382554], [-86.80775643842992, 35.963653653673276], [-86.80775886483761, 35.963651751793996], [-86.80776128470552, 35.96364985549689], [-86.8077637000123, 35.96364795729633], [-86.8077661064695, 35.96364605018818], [-86.8077685139713, 35.963644139468656], [-86.8077709114885, 35.96364222521173], [-86.80777331113156, 35.963640307336085], [-86.80777570080883, 35.963638387769166], [-86.8077780904208, 35.96363646178509], [-86.80778047115807, 35.96363453506928], [-86.80778285401142, 35.963632603767884], [-86.80778522351925, 35.96363066807256], [-86.8077875952522, 35.9636287278788], [-86.80778995810864, 35.96362678677756], [-86.8077923175219, 35.96362483673245], [-86.80779467693507, 35.96362288668727], [-86.8077970274084, 35.9636209294934], [-86.80779937238486, 35.96361897409452], [-86.80780171398247, 35.96361701608099], [-86.80780405104579, 35.96361504816394], [-86.80780638472935, 35.96361307754426], [-86.80780870735602, 35.963611104273504], [-86.80781103100932, 35.96360912563323], [-86.8078133468684, 35.96360714616616], [-86.80781566159963, 35.96360516213521], [-86.80781796862686, 35.96360317551857], [-86.8078202810506, 35.963601187898654], [-86.80782257015326, 35.96359919322657], [-86.80782486590543, 35.96359719314721], [-86.80782715385344, 35.963595191274045], [-86.80782943624129, 35.96359318495469], [-86.8078317184753, 35.9635911741529], [-86.80783399302227, 35.96358916243564], [-86.80783626200015, 35.96358714539315], [-86.8078385320136, 35.96358512386019], [-86.80784079200764, 35.9635831059988], [-86.80784304757549, 35.96358107823315], [-86.80784529976363, 35.96357904776484], [-86.80784754182243, 35.963577010155845], [-86.80784978507948, 35.963574973417835], [-86.80785202282277, 35.96357293680472], [-86.80785425256184, 35.9635708893443], [-86.8078564824, 35.96356884100409], [-86.80785870107398, 35.96356679010148], [-86.80786091859252, 35.963564731909926], [-86.80786313061512, 35.963562675601345], [-86.80786533707659, 35.9635606147587], [-86.80786754222181, 35.963558541441515], [-86.8078697386548, 35.96355648339128], [-86.80787193273316, 35.96355440645607], [-86.80787411679202, 35.96355233319231], [-86.80787630193933, 35.96355024998736], [-86.80787847705825, 35.96354816957484], [-86.80788064889656, 35.96354608557999], [-86.80788281839092, 35.9635439943922], [-86.80788498680383, 35.96354190321156], [-86.80788713957293, 35.96353980492714], [-86.80788929456706, 35.96353770214434], [-86.80789144406438, 35.96353560115662], [-86.80789358342348, 35.96353349214913], [-86.807895718368, 35.96353138501731], [-86.80789785445538, 35.96352927330643], [-86.80789998040449, 35.96352715357576], [-86.80790210203736, 35.963525034753125], [-86.80790422459769, 35.963522911440805], [-86.8079063295053, 35.963520785521645], [-86.80790843534932, 35.96351865599184], [-86.80791053910218, 35.9635165228717], [-86.80791263599734, 35.96351438531405], [-86.80791472520629, 35.963512246928886], [-86.80791682105489, 35.96351010216951], [-86.80791889908886, 35.96350796016701], [-86.80792098039265, 35.96350581005474], [-86.80792305286553, 35.9635036528809], [-86.80792512080495, 35.963501496528664], [-86.80792717655432, 35.963499343071334], [-86.80792923229207, 35.963497177833986], [-86.8079312923361, 35.963495010721616], [-86.80793332577149, 35.96349284290864], [-86.8079353702806, 35.963490668779706], [-86.80793741032865, 35.96348849195537], [-86.80793944147253, 35.963486311498556], [-86.807941465932, 35.96348413302059], [-86.80794348716444, 35.96348195623453], [-86.80794550365545, 35.96347975978829], [-86.80794751022525, 35.963477566045896], [-86.80794951690311, 35.963475372302725], [-86.8079515101907, 35.96347318040762], [-86.80795350443188, 35.96347097593484], [-86.80795549878103, 35.963468771461315], [-86.80795748196518, 35.96346656433742], [-86.80795946176957, 35.96346435451098], [-86.80796143155366, 35.96346213763095], [-86.80796339691244, 35.96345992157182], [-86.80796536227201, 35.96345770560055], [-86.8079673175023, 35.96345548248849], [-86.80796927065039, 35.96345325666523], [-86.8079712169398, 35.96345102631658], [-86.80797315662437, 35.963448795133104], [-86.8079750963008, 35.963446563158456], [-86.80797701936828, 35.96344432487778], [-86.807978948977, 35.963442081190564], [-86.80798087404334, 35.96343983744593], [-86.80798278147658, 35.96343759302844], [-86.80798469216083, 35.963435338655145], [-86.80798659728568, 35.963433090560805], [-86.80798849341623, 35.963430829955556], [-86.8079903874394, 35.96342857481488], [-86.80799228028927, 35.96342631062726], [-86.80799415970341, 35.963424043804544], [-86.80799603589232, 35.963421778849586], [-86.80799790868275, 35.963419509346025], [-86.8079997713537, 35.9634172336687], [-86.80800163963828, 35.96341495707454], [-86.8080034912514, 35.96341267865825], [-86.80800534170184, 35.96341039224982], [-86.80800718670189, 35.96340811220749], [-86.8080090282213, 35.96340581952942], [-86.80801086418128, 35.96340353313026], [-86.80801269016496, 35.963401233347696], [-86.80801451059898, 35.96339894081102], [-86.80801632985967, 35.963396639227376], [-86.80801813687496, 35.96339433508856], [-86.80801994389016, 35.96339203094977], [-86.80802174752465, 35.963389724020416], [-86.80802354118539, 35.96338741460865], [-86.80802533587996, 35.96338510053063], [-86.8080271173292, 35.963382781266795], [-86.8080288975791, 35.96338046104399], [-86.8080306721785, 35.96337813813385], [-86.80803243585775, 35.96337581538487], [-86.80803420044488, 35.96337348621232], [-86.80803595612969, 35.96337115358307], [-86.80803770416404, 35.963368823642426], [-86.80803945425995, 35.963366483754044], [-86.80804119108454, 35.96336414676786], [-86.80804292570892, 35.963361806104096], [-86.8080446613601, 35.963359460070905], [-86.80804637925931, 35.963357112310696], [-86.8080480992755, 35.96335476005285], [-86.80804980833564, 35.9633524150772], [-86.80805151615908, 35.963350054813354], [-86.80805321611582, 35.96334769723952], [-86.80805491280184, 35.9633453370504], [-86.80805660284553, 35.9633429723344], [-86.8080582851413, 35.963340611362646], [-86.80805996172234, 35.96333824137447], [-86.8080616394463, 35.96333586680722], [-86.8080633083322, 35.963333495112366], [-86.80806496377255, 35.963331119815535], [-86.80806662143799, 35.96332874002031], [-86.80806827139942, 35.9633263576394], [-86.8080699146193, 35.963323971611494], [-86.80807155342457, 35.96332158745932], [-86.80807319325567, 35.963319197849735], [-86.80807481533576, 35.963316806601135], [-86.80807643741572, 35.96331441535248], [-86.80807805390786, 35.96331201693259], [-86.80807966366827, 35.96330961583269], [-86.80808126911327, 35.96330721572872], [-86.80808286442807, 35.96330480839615], [-86.80808445974286, 35.96330240106356], [-86.80808604832671, 35.96329999113879], [-86.80808762919597, 35.963297577573485], [-86.80808920565052, 35.96329516588401], [-86.80809077979771, 35.96329275060562], [-86.80809234283358, 35.963290327313956], [-86.80809390026454, 35.963287905818156], [-86.80809545784993, 35.96328548889264], [-86.80809700186221, 35.9632830557948], [-86.80809854375727, 35.963280627194486], [-86.8083483822051, 35.962885950614506], [-86.8085447724546, 35.962319622770295], [-86.80883026925733, 35.96149629436319], [-86.80692022224014, 35.961296039502], [-86.80662603764057, 35.961265193322156], [-86.80589491059116, 35.961188531158584], [-86.80557152078849, 35.96115461968556], [-86.80492903034778, 35.961087244131974], [-86.80421273712582, 35.96101212917138], [-86.80382241128805, 35.96097119557994], [-86.80335682601813, 35.96092236172198], [-86.80329781717913, 35.96091617328], [-86.80210350879916, 35.96079090847593], [-86.80206988485175, 35.96078737942918], [-86.80173359012132, 35.96075210428629], [-86.8016999584217, 35.96074857518801], [-86.800643804961, 35.96063778730123], [-86.79947432687804, 35.96051509478332], [-86.79942433501274, 35.960847630491614], [-86.79942417499585, 35.960848697823884], [-86.79930763299296, 35.961623969150175], [-86.79930747418003, 35.9616250382323], [-86.79922229400101, 35.96219161551485], [-86.79922213290627, 35.9621926837328], [-86.79920097018275, 35.96233345802445], [-86.79920080909714, 35.96233452720931], [-86.79918173574248, 35.96246145337377], [-86.79918157566435, 35.96246251525527], [-86.79913289396212, 35.96278632626223], [-86.79913273178461, 35.96278739457498], [-86.79908360486758, 35.963087007287946], [-86.79908343365058, 35.96308806933102], [-86.7984241004381, 35.96302764236116], [-86.79800437295066, 35.96298916783254], [-86.79790661728555, 35.96298020603326], [-86.79757904425745, 35.96295018548976], [-86.79685843981244, 35.96288412882469], [-86.79669111228594, 35.9628650937939], [-86.79662440541122, 35.96285750276047], [-86.79610547587168, 35.96279847461117], [-86.79549548869849, 35.962729074383674], [-86.79534208222898, 35.96271448264658], [-86.79532768032678, 35.962713112326696], [-86.79468999762746, 35.962652467832235], [-86.79404563983994, 35.962591176358295], [-86.79404584767899, 35.962590114960236], [-86.79410431014084, 35.96229470059149], [-86.79410445581509, 35.96229362975738], [-86.79413679802938, 35.96205819339449], [-86.79413694361308, 35.96205712440698], [-86.79417159552345, 35.96180486865364], [-86.79417174230437, 35.96180380053723], [-86.79420503921696, 35.961561426687176], [-86.79420518599701, 35.96156035857064], [-86.79426496900118, 35.96112516503595], [-86.79426511582433, 35.961124101402405], [-86.79429259053884, 35.960924133072105], [-86.79429273731655, 35.960923064955345], [-86.79432145246788, 35.960713995993835], [-86.79432159924477, 35.960712927877], [-86.79435770446888, 35.96045011249966], [-86.79435785004665, 35.960449043511524], [-86.79444342068557, 35.959826133200984], [-86.79444356854046, 35.959825065076664], [-86.79445731729807, 35.95972499336097], [-86.79446815564208, 35.95964609920849], [-86.79446830133378, 35.95964503109839], [-86.79449539110281, 35.959447807043325], [-86.79449553683857, 35.959446743416315], [-86.79454135013395, 35.95911320986994], [-86.79457426835455, 35.95887354943642], [-86.79458351685132, 35.958806218809244], [-86.7945836636212, 35.95880515069164], [-86.79460690462426, 35.95863598188752], [-86.79463078718153, 35.95846213734685], [-86.79463093394139, 35.9584610683501], [-86.79470796263632, 35.95790027940862], [-86.7947185202597, 35.95782341410097], [-86.79471866594473, 35.95782234599015], [-86.79473532100506, 35.9577010966418], [-86.79474853876172, 35.95760486706268], [-86.79474868437384, 35.95760380255658], [-86.794928112205, 35.956297527720906], [-86.79493230676401, 35.95626698784786], [-86.7949437961255, 35.95618333841502], [-86.79516699705643, 35.9545583066644], [-86.79516480620084, 35.95455804175684], [-86.79235672024139, 35.95421844369343], [-86.7921480581729, 35.95419320579037], [-86.79269033752821, 35.95375259540366], [-86.79289718442068, 35.95358452749867], [-86.79293324256145, 35.95355522892509], [-86.79311852000534, 35.952206524842424], [-86.79313098436432, 35.952115786558274], [-86.79343073967183, 35.949933624146624], [-86.79343826948504, 35.949878797922146], [-86.79373362617487, 35.94772852316789], [-86.79373419971988, 35.947728577142954], [-86.79373540786452, 35.94771978309096], [-86.79373547793278, 35.94771870018132], [-86.80250039919886, 35.94854110111629], [-86.80261034563226, 35.948551410049255], [-86.80284543452153, 35.94796687766038], [-86.8032196135141, 35.94703648425914], [-86.80322303908787, 35.94702796831263], [-86.80311304116417, 35.9470125714751], [-86.80217225355928, 35.94688094492064], [-86.80206531419445, 35.946865981945784], [-86.80097505670739, 35.94671342556513], [-86.80032694497291, 35.94661593600431], [-86.80009847345741, 35.94656875243733], [-86.79974741831954, 35.94651170239431], [-86.79941601849538, 35.946457849353024], [-86.79933548409903, 35.946444631975204], [-86.79866543878015, 35.946334691357286], [-86.7985638172106, 35.946329041084915], [-86.79828800772036, 35.94626155321607], [-86.79820533631724, 35.94624631860188], [-86.79787799724701, 35.946185998088865], [-86.79730336242844, 35.94606865392458], [-86.79726963405781, 35.94606180649936], [-86.79629089736646, 35.945950666010006], [-86.79412125851634, 35.94553845765951], [-86.79412143973549, 35.945537398367044], [-86.79436071100041, 35.944172592128716], [-86.79440601352088, 35.94391418027567], [-86.79440596493419, 35.94391309269742], [-86.79439492476627, 35.94366698163571], [-86.79439493271711, 35.943665893684226], [-86.79439977833846, 35.943171525378276], [-86.79439980382129, 35.943168966383425], [-86.79453682851192, 35.942708553272304], [-86.79453801236589, 35.94270457600903], [-86.79456274163984, 35.942531283272345], [-86.79198836717707, 35.94229780494603], [-86.7919825848364, 35.94229724907124], [-86.79198220000153, 35.94229722997766], [-86.79106972244011, 35.94221435868231], [-86.790917140675, 35.9422004933998], [-86.7890899741, 35.94203451159925], [-86.7889878838724, 35.942025230460054], [-86.78736005689898, 35.94187732169875], [-86.78735293591828, 35.941876676075196], [-86.78734944688938, 35.941876359037416], [-86.78651610344619, 35.94180063284262], [-86.78650296612749, 35.941852579599], [-86.78639364132906, 35.94228471188605], [-86.78625030175891, 35.94285129129877], [-86.78624883718032, 35.94285708646474], [-86.7861215586109, 35.94336018639939], [-86.78597358263181, 35.94394511670441], [-86.78578051826626, 35.944708262703706], [-86.78573595451817, 35.944884393218004], [-86.78507030483586, 35.944790545983096], [-86.78492164839108, 35.944769586557044], [-86.78483949947717, 35.9447580031533], [-86.78393320748887, 35.944630219443695], [-86.78389275864436, 35.94462451524837], [-86.78367743573547, 35.9445941560914], [-86.78367736471333, 35.94459414574084], [-86.78356500104015, 35.944578303938286], [-86.78355322112816, 35.94457664377558], [-86.78355100071423, 35.944576616825486], [-86.78355057178855, 35.944576611442265], [-86.78330118799185, 35.94456902067009], [-86.7832343697005, 35.944566999476265], [-86.78257927092892, 35.94454717505249], [-86.78250682256304, 35.9445449818908], [-86.78239907205284, 35.94454172106104], [-86.7823967746867, 35.94454165221686], [-86.78197083595748, 35.944528761838185], [-86.78195961660272, 35.944528418387605], [-86.78170332623868, 35.94452066540244], [-86.78130886487233, 35.944508736389], [-86.78123598467991, 35.944497655537994], [-86.78105021754278, 35.944469415229065], [-86.78088674783184, 35.9448475424328], [-86.78082083886763, 35.94499999588498], [-86.77986505353363, 35.944884308921644], [-86.77967411449474, 35.94486119522917], [-86.77979812052352, 35.94407130330992], [-86.7798053000603, 35.944025538454135], [-86.77980567669138, 35.94402314211158], [-86.77985000465236, 35.943740895371924], [-86.77985665661033, 35.94369853370746], [-86.77989324627922, 35.94346558038156], [-86.77989945935131, 35.943426039980594], [-86.77993397548774, 35.94320625936483], [-86.77992018436845, 35.943207563667], [-86.77921306925394, 35.94327460339024], [-86.77913101685323, 35.94328238207867], [-86.777884062783, 35.94340060077791], [-86.77778803633612, 35.94340970454497], [-86.77729310062516, 35.9434566321948], [-86.77728709988826, 35.94345720096575], [-86.77665064488414, 35.943517524910014], [-86.77664400839582, 35.9435181535749], [-86.77601844339065, 35.943577443027266], [-86.7760183061081, 35.943577455692534], [-86.77585779359782, 35.94359266734053], [-86.77573332058084, 35.943604474745996], [-86.77571768950772, 35.943605221729605], [-86.7755214585293, 35.943614598260396], [-86.76829326375767, 35.94428769235403], [-86.76796446727582, 35.94431830033217], [-86.76793933232973, 35.944321212500085], [-86.76727856772958, 35.944397767288756], [-86.76723369859229, 35.94440296552682], [-86.76723376247566, 35.9444018880362], [-86.76779403978847, 35.9404461944858], [-86.76773976153271, 35.94044009364128], [-86.7676435232624, 35.940429276143234], [-86.76764688814806, 35.94042857328245], [-86.76769609135468, 35.940418259293445], [-86.76770032729794, 35.94038813377876], [-86.76770551600441, 35.9403509637757], [-86.76771075409717, 35.94031327698054], [-86.76771557139134, 35.94027827432745], [-86.76772072062226, 35.94024057728506], [-86.76772582996044, 35.94020288049668], [-86.76773089821208, 35.94016517227765], [-86.76773593328156, 35.940127465148876], [-86.76774055419163, 35.94009244660355], [-86.76778612234673, 35.93974671042985], [-86.76767392516997, 35.93973363964155], [-86.76588579912499, 35.93952531182314], [-86.7658369209863, 35.939519617421496], [-86.76586567900756, 35.9393428234331], [-86.76593006125223, 35.93894702630201], [-86.76582085829871, 35.93893627721044], [-86.76444198944208, 35.938800542288334], [-86.7635655528608, 35.93871425776523], [-86.76270180715119, 35.93862921688283], [-86.7626407173887, 35.93862320192631], [-86.76279543797072, 35.93722982827787], [-86.76280289537624, 35.93716283490979], [-86.76281836231749, 35.937023896339475], [-86.76234927564012, 35.936884274379565], [-86.76217630443081, 35.936833253257674], [-86.76200096597445, 35.93678788996744], [-86.76182353908557, 35.936748258512694], [-86.7616443081927, 35.936714421082954], [-86.76146355840092, 35.93668643168954], [-86.76128157841232, 35.93666433632254], [-86.76109865885962, 35.93664816821468], [-86.76091508924392, 35.936637955420615], [-86.76073116780577, 35.9366337130185], [-86.76054718264864, 35.9366354473616], [-86.76012064311563, 35.93664760523056], [-86.75976653013275, 35.9366423966159], [-86.75966030244268, 35.936634082917315], [-86.7596101455909, 35.93663015703479], [-86.75945465966456, 35.93661185021075], [-86.75930042756094, 35.93658751715825], [-86.7591478031202, 35.93655721437457], [-86.75899713414539, 35.936521011583544], [-86.75884876833605, 35.93647899055483], [-86.75876588963094, 35.936453721144936], [-86.75740948102055, 35.936040144593655], [-86.75728395225548, 35.93599686029398], [-86.75707663301111, 35.935922449735585], [-86.75701994005246, 35.93590210134946], [-86.75675838252104, 35.93580294245084], [-86.7564993919542, 35.93569942334718], [-86.75631969453556, 35.93563104699127], [-86.75614343562891, 35.9355569866849], [-86.75597088563931, 35.9354773588968], [-86.75580231176646, 35.93539228442443], [-86.75563797461723, 35.93530189597577], [-86.75547812490201, 35.93520633177248], [-86.7553230111415, 35.935105738929614], [-86.75531523005122, 35.93510002652781], [-86.75515613116686, 35.93498702577182], [-86.75499258152252, 35.93487830867243], [-86.75482475399406, 35.93477399315874], [-86.7546528270145, 35.934674190795874], [-86.75447698662809, 35.934579006772125], [-86.75446119894373, 35.934572186287674], [-86.75411216750918, 35.93440220292289], [-86.7541051552835, 35.93439878765983], [-86.75393868390204, 35.93432730909523], [-86.75389582923319, 35.934308907679544], [-86.75368259891918, 35.93422531781513], [-86.75346575135592, 35.93414812701659], [-86.75324557559077, 35.9340774424646], [-86.75302236841475, 35.93401335617253], [-86.75279642645317, 35.933955954442425], [-86.75256805414453, 35.933905315705466], [-86.75237086975535, 35.93386783723404], [-86.7523398904185, 35.93386194880473], [-86.75233755666787, 35.93386150555529], [-86.75210612389297, 35.93382470845228], [-86.75187319483489, 35.93379479646914], [-86.75163908122116, 35.933771808176694], [-86.7514040925473, 35.9337557748655], [-86.7511685413501, 35.93374671805151], [-86.75093274146971, 35.93374464851956], [-86.75097837395086, 35.933442318429414], [-86.75101806503817, 35.93317935346941], [-86.7510659637795, 35.932861234342425], [-86.75005664402129, 35.932755148329306], [-86.7498193405711, 35.93273020517052], [-86.74749266923655, 35.93248561894945], [-86.74736667444603, 35.932472368939784], [-86.74735019090635, 35.9324706352952], [-86.7472073593803, 35.933075805722495], [-86.74688987646442, 35.93442094195463], [-86.74679802865556, 35.93480998160402], [-86.74676555167859, 35.934947573296576], [-86.7462071474101, 35.93687022232808], [-86.74610164554484, 35.936860814205474], [-86.74607523373764, 35.93685845966046], [-86.74601789784809, 35.93685334688365], [-86.74597699067327, 35.936849698635896], [-86.74475225491229, 35.93674047581542], [-86.74475209849241, 35.93674046421222], [-86.74475054802261, 35.936749231833254], [-86.74446673282186, 35.93835302758893], [-86.74445155529227, 35.938438790525076], [-86.74441834106624, 35.93862647387419], [-86.7444180436994, 35.93862644142843], [-86.74240789771986, 35.93840404318608], [-86.73978670210893, 35.93811398797797], [-86.73974333681656, 35.93810918913418], [-86.73925329142492, 35.938521426757966], [-86.73922830227956, 35.938542448334346], [-86.73855515373371, 35.938466079676125], [-86.738553894324, 35.93847488331321], [-86.73836340234527, 35.939806389528016], [-86.73802351701372, 35.942350024078074], [-86.73801076022896, 35.94243231731958], [-86.7380021908984, 35.94248760685843], [-86.73766911085784, 35.94455848203309], [-86.7376685660381, 35.94455841776915], [-86.73647552906365, 35.94441777746852], [-86.73594147535357, 35.94435131513436], [-86.73577736738426, 35.944334043492894], [-86.73536305096107, 35.944282818734], [-86.73499008144644, 35.9442387461698], [-86.7346193958314, 35.94419494237457], [-86.73425147907585, 35.944151464893146], [-86.7338831987473, 35.94410794244096], [-86.73354773558546, 35.94406829737105], [-86.73321166897102, 35.94402858111137], [-86.7327680787751, 35.94397615489759], [-86.73275779713697, 35.94397493945331], [-86.73234944495748, 35.94392965632011], [-86.73009855000971, 35.943676628421954], [-86.72997581424119, 35.943662829348746], [-86.72997375116285, 35.94366690227595], [-86.72996876517273, 35.94367664593348], [-86.72996373368805, 35.94368638002073], [-86.72995737883144, 35.94369852859849], [-86.72995225169123, 35.943708229859354], [-86.72994707667021, 35.943717908905285], [-86.72994185399172, 35.943727578306095], [-86.72993659790922, 35.94373723621711], [-86.72993129503406, 35.9437468726978], [-86.72992594432806, 35.943756492413634], [-86.72992055920385, 35.94376609616243], [-86.7299151263052, 35.943775689299805], [-86.72990826974893, 35.94378765437114], [-86.72973531027755, 35.94408789920219], [-86.7297154131012, 35.94412243920601], [-86.72971269346593, 35.944127185723886], [-86.72970869121818, 35.944134336724105], [-86.72970477120849, 35.94414151957674], [-86.72970219942894, 35.944146321108974], [-86.72969967654461, 35.94415113772903], [-86.72969593897437, 35.944158386199305], [-86.72969349736394, 35.94416323564458], [-86.72968990093925, 35.94417052651088], [-86.72968755482319, 35.9441754033326], [-86.72968410068326, 35.94418274291757], [-86.72968184913867, 35.94418765257178], [-86.7296796308217, 35.94419256642003], [-86.72967744595748, 35.94419749720799], [-86.72967424413253, 35.94420490647045], [-86.72967216027598, 35.94420986460144], [-86.72966910079487, 35.94421731721978], [-86.72966710588055, 35.94422229555832], [-86.7296641806929, 35.94422978604298], [-86.72966228797553, 35.944234791717385], [-86.72965951178429, 35.9442423200671], [-86.72965771353056, 35.94424734679476], [-86.72965508054818, 35.944254906715145], [-86.72965337000484, 35.944259960778545], [-86.7296517062127, 35.94426502009687], [-86.72965007782645, 35.94427008535428], [-86.72964770808792, 35.94427770416095], [-86.72964616637394, 35.94428278963974], [-86.72964393991072, 35.94429043544533], [-86.72964250693903, 35.94429554285781], [-86.7296404214737, 35.944303214885], [-86.72963908291672, 35.944308337988446], [-86.7296371473131, 35.944316036095564], [-86.72963589647564, 35.94432117572178], [-86.72963411620674, 35.94432889548015], [-86.72963241046084, 35.9443366309622], [-86.72963132937694, 35.944341796635655], [-86.72963028169603, 35.94434696201876], [-86.72962927508611, 35.944352138053745], [-86.72962830945606, 35.94435731480727], [-86.72962692765874, 35.94436509157729], [-86.72962564120736, 35.944372879461326], [-86.72962483101067, 35.9443780768106], [-86.72962369319283, 35.944385874694426], [-86.72962297725306, 35.94439108228525], [-86.72962198812604, 35.94439889641022], [-86.7296213731456, 35.94440411420193], [-86.72962079913626, 35.94440933174532], [-86.72962001966148, 35.944417160774734], [-86.72961932125513, 35.944425000125655], [-86.72961891025648, 35.94443022749378], [-86.72961876567254, 35.94443222754444], [-86.72961853255438, 35.94443545474791], [-86.7296180503456, 35.94444330360117], [-86.72961764899813, 35.944451151964195], [-86.72961743426502, 35.944456384472005], [-86.72961728410444, 35.94446116050833], [-86.72961718825309, 35.94446424270633], [-86.72961707442958, 35.944469479964866], [-86.72961700048897, 35.94447471619044], [-86.72961696093253, 35.944479952998805], [-86.72961697869304, 35.944487809634005], [-86.72961704663338, 35.944493050361956], [-86.72961721401714, 35.94450090696916], [-86.72961737617462, 35.94450614176342], [-86.72961769209269, 35.94451399747019], [-86.72961796273621, 35.944519226156245], [-86.72961842050371, 35.944527200825114], [-86.72961894692673, 35.94453517613272], [-86.72961953318043, 35.944543144660045], [-86.72962018710705, 35.9445511127771], [-86.72962078462203, 35.94455777435777], [-86.72962090185501, 35.94455907604204], [-86.72962168421793, 35.94456703256746], [-86.72962224041767, 35.94457233618037], [-86.72962313019474, 35.944580287571135], [-86.72962406876881, 35.94458823145738], [-86.72962508042914, 35.94459617577969], [-86.72962615296095, 35.944604108919904], [-86.72962690414731, 35.94460939596631], [-86.72962808515835, 35.94461732220717], [-86.7296289105622, 35.944622603353196], [-86.7296301924426, 35.944630518081595], [-86.72963153513643, 35.9446384270788], [-86.72963246908661, 35.944643696841624], [-86.7296339259474, 35.944651594333614], [-86.72963543805764, 35.944659480589756], [-86.7296370166036, 35.94466736116843], [-86.7296386493681, 35.94467522418793], [-86.72964035754006, 35.94468309316771], [-86.72964212538572, 35.94469095000565], [-86.72964333496994, 35.944696179240815], [-86.72964520471787, 35.94470401928538], [-86.72964713409769, 35.94471184261705], [-86.72964912558918, 35.944719660297416], [-86.72965118345603, 35.94472747748748], [-86.72965330214643, 35.94473526644107], [-86.72965548159976, 35.944743044125325], [-86.72965772213297, 35.944750821527165], [-86.72965924930688, 35.944755999343], [-86.72966159703897, 35.94476374805139], [-86.72966399899937, 35.94477149203538], [-86.72966647506968, 35.94477921833951], [-86.7296690054183, 35.94478693358949], [-86.72967158972847, 35.94479462679828], [-86.72967335270651, 35.94479975905319], [-86.7296760455628, 35.944807440790825], [-86.72967880480527, 35.94481509962077], [-86.72968161167296, 35.9448227527994], [-86.72968448589904, 35.94483038297651], [-86.72968741981681, 35.94483800294567], [-86.72968941272, 35.944843073323874], [-86.72969244843264, 35.944850664720136], [-86.72969450874503, 35.94485571763491], [-86.72969764512055, 35.944863286706784], [-86.72970083674848, 35.944870833026485], [-86.72970409460376, 35.94487836268103], [-86.72970741343849, 35.94488588106487], [-86.72971078633647, 35.94489337670359], [-86.72971422670027, 35.94490086103231], [-86.72971654895619, 35.944905830337945], [-86.72972008437134, 35.94491328165113], [-86.72972367947051, 35.944920710097236], [-86.72972733534273, 35.94492811654877], [-86.72973104429566, 35.94493551098626], [-86.7297348151108, 35.944942884301625], [-86.72973864652485, 35.94495022841475], [-86.72974253114387, 35.94495756227125], [-86.72974647652715, 35.944964873166235], [-86.72975048273356, 35.94497216751669], [-86.72975454295347, 35.944979433671826], [-86.72975728291921, 35.9449842697209], [-86.7299270440784, 35.94528205851909], [-86.72993517506004, 35.94529628332973], [-86.72994198628349, 35.94530812128487], [-86.72995019799257, 35.945322318528405], [-86.72995706987687, 35.94533413360969], [-86.72996536219718, 35.94534830240769], [-86.7299723015612, 35.94536009545278], [-86.72997926850289, 35.94537187751719], [-86.7299862619332, 35.945383647728356], [-86.72999328191821, 35.945395401514666], [-86.73000033494428, 35.94540715061669], [-86.73000884381807, 35.945421236077486], [-86.73001595766254, 35.945432955887114], [-86.73002453272878, 35.94544700850632], [-86.7300317150269, 35.94545870636166], [-86.73003891609625, 35.94547038783922], [-86.73004615246076, 35.94548206286062], [-86.73005342209066, 35.94549372229543], [-86.73006216493533, 35.945507701719634], [-86.73006950192908, 35.94551933823968], [-86.73007833204754, 35.945533284782115], [-86.73008572306622, 35.94554489389699], [-86.73009462828311, 35.945558812027095], [-86.73010207894022, 35.94557039282362], [-86.73010956392771, 35.945581968048856], [-86.7301185762625, 35.945595835945824], [-86.7301261152259, 35.945607378403565], [-86.73013368732163, 35.945618914330275], [-86.73094906162382, 35.94529317997923], [-86.73094175335738, 35.94586875268807], [-86.73093999007273, 35.945869625008186], [-86.7304517888334, 35.94611118969938], [-86.7304554507413, 35.94611719092913], [-86.7304666131828, 35.946135483825486], [-86.73048137125392, 35.9461598116701], [-86.73049753643078, 35.946186603368325], [-86.73051214545751, 35.946210980816026], [-86.7305267015029, 35.94623539190159], [-86.73054118900839, 35.946259825906445], [-86.73055703836796, 35.946286740302455], [-86.73065405173155, 35.94645192877456], [-86.7306771318334, 35.946453894115024], [-86.7311512495629, 35.9464942651313], [-86.73115748668992, 35.946498115524165], [-86.73115772078408, 35.94649826012148], [-86.73128268256606, 35.946575394136445], [-86.73122658439438, 35.94691781701819], [-86.7311698317454, 35.94726422687324], [-86.73115035012697, 35.947409157150815], [-86.73107823529404, 35.9479456557883], [-86.73107471305157, 35.94799383605574], [-86.73107375576893, 35.948006918119354], [-86.73105972481389, 35.94819862759548], [-86.73104983317515, 35.94833378792746], [-86.73100357282038, 35.948741160716914], [-86.73101430848352, 35.94880501207055], [-86.73098235816498, 35.94899410924522], [-86.73092711659864, 35.9493210268382], [-86.73089258386854, 35.94952540697493], [-86.7308279511987, 35.94990792572239], [-86.7308197146457, 35.949958547465684], [-86.7308196977011, 35.949958644885456], [-86.73080808460325, 35.95003001721018], [-86.73078559057103, 35.95016827072064], [-86.73076954642256, 35.95026688420971], [-86.730686713254, 35.95077602130564], [-86.73057800572536, 35.95144417866224], [-86.73045814740469, 35.95218085257602], [-86.73039049499523, 35.9525966574767], [-86.73038606365132, 35.95262388859906], [-86.73038560034992, 35.952624017649775], [-86.73034065151079, 35.95263650581214], [-86.7302503127196, 35.952661606606036], [-86.72972926800824, 35.95280674644537], [-86.72940095809035, 35.9528523788385], [-86.72935021039729, 35.952846129291416], [-86.72910544119804, 35.95281598881731], [-86.72849729544528, 35.95267932985481], [-86.72837269221563, 35.95265132941051], [-86.727707075392, 35.95249171524801], [-86.72735068677508, 35.95240114079068], [-86.72733661970393, 35.952398469628584], [-86.72696090667291, 35.95232712840463], [-86.7265982142509, 35.95228022676558], [-86.72652100662823, 35.95227394375868], [-86.7261294565293, 35.95224207834281], [-86.72614687626427, 35.95218249219472], [-86.72617498638138, 35.95208670615083], [-86.72617674948758, 35.95208069905701], [-86.72617769774122, 35.9520774693978], [-86.72642672087768, 35.951228920355305], [-86.72683215138076, 35.949867735737904], [-86.72689835335063, 35.9495497076512], [-86.72733592216899, 35.947956732038996], [-86.727581473993, 35.947154383014485], [-86.72774782843287, 35.94647243448733], [-86.72799396700438, 35.9454633991613], [-86.7279943280585, 35.94546191797048], [-86.72803721594421, 35.945286100058446], [-86.7280378783634, 35.94528338489039], [-86.72804000116139, 35.945274680685905], [-86.72786689245645, 35.945254712799226], [-86.72573375287743, 35.94500863414296], [-86.72556786429843, 35.94498949535817], [-86.72474534751761, 35.94489459760683], [-86.7236268877481, 35.944765546793775], [-86.72362555678674, 35.944774342595395], [-86.72327715423827, 35.94707746077301], [-86.7228268835745, 35.9500537711024], [-86.72274517314574, 35.95068805261297], [-86.72321755086334, 35.95071602645162], [-86.72328388316699, 35.950719954198696], [-86.72360777547746, 35.9507391341368], [-86.72360387108719, 35.950763849007124], [-86.72360337527206, 35.950766989422576], [-86.72344267249908, 35.95178418043352], [-86.72331833551283, 35.95257119298845], [-86.7233157547781, 35.952587523168646], [-86.72334648961356, 35.9527402150523], [-86.72334894055378, 35.952744479800124], [-86.72471210771954, 35.9551533143753], [-86.72482527003436, 35.95535242902644], [-86.72451216470395, 35.95632962136435], [-86.72370365812047, 35.95934771551235], [-86.72096129554826, 35.95909188606446], [-86.71970906086898, 35.95897504133482], [-86.71843180543421, 35.95885585518186], [-86.71884209285085, 35.956131506314506], [-86.71868628384158, 35.956094047237876], [-86.71752349291758, 35.95581451836644], [-86.71736522730824, 35.95556137898656], [-86.71627691156132, 35.95520525163041], [-86.7153048234742, 35.95581048671738], [-86.71356371266597, 35.95564714939365], [-86.71356114765646, 35.955651251986744], [-86.71356076030537, 35.95565762469984], [-86.7135578085369, 35.955706121892206], [-86.71355469436142, 35.9557582603225], [-86.71355404008622, 35.9557689897798], [-86.71355318701399, 35.95578240088716], [-86.71355228075804, 35.95579580149678], [-86.7135515255512, 35.95580652531066], [-86.71355055042292, 35.95581992632843], [-86.71354972089686, 35.955830646011485], [-86.71354865154744, 35.95584404213733], [-86.71354776098579, 35.95585475594051], [-86.71354661076256, 35.95586815254565], [-86.7135456658757, 35.95587886122033], [-86.71354468103257, 35.9558895754944], [-86.71354340205043, 35.95590296213762], [-86.71354208322326, 35.95591634268752], [-86.71354099632586, 35.9559270467534], [-86.71353987510557, 35.95593774557235], [-86.71353872841844, 35.95594845008057], [-86.71353755384663, 35.955959143853114], [-86.7135360452795, 35.95597251471455], [-86.71353448239496, 35.95598588132657], [-86.71353320580965, 35.955996569462094], [-86.71353156189468, 35.956009931191794], [-86.71353021876635, 35.95602061427128], [-86.7135288412636, 35.956031298433565], [-86.71352743602513, 35.956041976430704], [-86.71352599857792, 35.956052643805776], [-86.71352416503048, 35.956065995846316], [-86.71352228364019, 35.95607933014882], [-86.71352074413556, 35.956089999095745], [-86.71351878290315, 35.956103328420966], [-86.71351718247747, 35.9561139922784], [-86.71351554750537, 35.95612465009897], [-86.71351387933929, 35.95613530802835], [-86.713457678521, 35.956492243088356], [-86.71345446707282, 35.956512404645274], [-86.71345118124681, 35.956532555741994], [-86.71344782671407, 35.95655270179535], [-86.7134448285223, 35.95657032306415], [-86.71344133966434, 35.95659045373779], [-86.71343822725723, 35.956608059419835], [-86.71343460298476, 35.95662817384112], [-86.71343136846932, 35.95664576398315], [-86.71337430901224, 35.956953754930545], [-86.71337203841158, 35.95696584505548], [-86.71336970013716, 35.956977924680416], [-86.71336730855931, 35.95699000470914], [-86.71336484822639, 35.95700207424438], [-86.71336233453337, 35.95701413785419], [-86.71336076393867, 35.95702146401858], [-86.71335975307024, 35.957026180239495], [-86.71335711074228, 35.95703822386464], [-86.71335386122043, 35.95705266048812], [-86.71335108326505, 35.95706467608221], [-86.71334825104017, 35.95707669287696], [-86.71334535108527, 35.95708869293041], [-86.71334239119038, 35.95710068885561], [-86.71333936908044, 35.95711266809476], [-86.713336287021, 35.957124642150795], [-86.71333314398456, 35.95713660496384], [-86.71332994642455, 35.95714855271563], [-86.71332525707486, 35.957165992004946], [-86.71331999616845, 35.95718594029842], [-86.71331482962654, 35.957205909658214], [-86.71331039020889, 35.95722339159659], [-86.71330602614702, 35.95724088486814], [-86.71330113721584, 35.957260896713], [-86.71329632914632, 35.95728091897926], [-86.71329162329347, 35.95730095769411], [-86.71327378117034, 35.95737781432219], [-86.7132085648375, 35.95765873316898], [-86.71320672277773, 35.957666573719], [-86.7132042212689, 35.957677022076865], [-86.71320165864172, 35.957687455500455], [-86.71319903605782, 35.95769788294958], [-86.71319702425986, 35.95770570200009], [-86.71319429276197, 35.95771610213899], [-86.71319150699502, 35.957726503566334], [-86.71318865349686, 35.95773688816444], [-86.7131857466467, 35.95774726780402], [-86.71318278429095, 35.95775763142103], [-86.71318050921298, 35.95776539163664], [-86.71317742583166, 35.957775739882955], [-86.713174301317, 35.95778607114244], [-86.7131719107257, 35.95779381577884], [-86.71316948684449, 35.95780154988736], [-86.71316620017882, 35.9578118496684], [-86.71316285913043, 35.957822138079464], [-86.7131594503, 35.95783241607901], [-86.71315599483057, 35.95784267809142], [-86.71315335322603, 35.957850369358454], [-86.71315068503348, 35.95785804988215], [-86.71314707400812, 35.95786828037691], [-86.71314340736178, 35.95787849405857], [-86.71313966752804, 35.95788869744861], [-86.71313588656074, 35.95789888385186], [-86.71313204447537, 35.957909055408514], [-86.71312813455035, 35.95791921013655], [-86.71312516858808, 35.95792682033719], [-86.71312216923462, 35.95793442080177], [-86.71311811710447, 35.957944537691354], [-86.71311503548351, 35.957952116138046], [-86.71311088227921, 35.95796221191237], [-86.71310772629134, 35.95796976917344], [-86.71310347083629, 35.95797983320221], [-86.71309914754143, 35.95798988040228], [-86.7130947842523, 35.95799991711403], [-86.7130903531353, 35.958009926272005], [-86.7130858675942, 35.958019919488756], [-86.71308246141795, 35.95802740702391], [-86.71307786701057, 35.958037378380226], [-86.71307322571857, 35.95804731845434], [-86.71306969738784, 35.958054773394736], [-86.71306495392437, 35.95806469060168], [-86.71306014382839, 35.95807459299466], [-86.71305650643623, 35.95808200436184], [-86.71305160062623, 35.958091868465104], [-86.71304663368922, 35.95810171675474], [-86.71304287506662, 35.95810909007113], [-86.71303781365447, 35.958118905602056], [-86.71303269106565, 35.958128699781234], [-86.71302752059198, 35.95813847173887], [-86.71302360512887, 35.95814579103977], [-86.71301832688883, 35.958155531196404], [-86.71301299410842, 35.95816525453334], [-86.71300760669943, 35.958174951205166], [-86.71300353673334, 35.95818221190526], [-86.71299804717232, 35.95819187586374], [-86.7129925184914, 35.958201518339834], [-86.71298691436228, 35.958211139636575], [-86.71298268079505, 35.95821834003154], [-86.71297841285536, 35.95822552981699], [-86.712972679565, 35.95823509693417], [-86.71296688627919, 35.95824464181349], [-86.71296251031073, 35.95825178265678], [-86.71295820020967, 35.95825872038886], [-86.7129553015169, 35.958263330602], [-86.7129508967357, 35.958270224675715], [-86.71294643640059, 35.958277097364515], [-86.71294342968122, 35.9582816587237], [-86.71293888137025, 35.95828848780231], [-86.71293425966671, 35.95829529577736], [-86.71292958998107, 35.95830207063057], [-86.71292644761378, 35.95830657776094], [-86.71292167557118, 35.95831330900118], [-86.71291686338884, 35.958320013490486], [-86.71291198336746, 35.95832670123895], [-86.71290704872912, 35.958333351509225], [-86.71290372933679, 35.958337772304645], [-86.71289870672173, 35.958344378876745], [-86.71289532598809, 35.95834877199181], [-86.71289191861909, 35.95835314908908], [-86.71288677345079, 35.95835969062965], [-86.71288156045466, 35.958366204616226], [-86.71287629397077, 35.958372686480416], [-86.71287097836424, 35.95837914067987], [-86.71286739509937, 35.958383436797845], [-86.71286199812349, 35.95838983653488], [-86.71285653440884, 35.95839620959054], [-86.71285286864448, 35.958400445802305], [-86.71284731690491, 35.95840676979744], [-86.71284171610273, 35.95841306076488], [-86.7128360617527, 35.958419324972816], [-86.71283035293386, 35.95842555618506], [-86.71282651760802, 35.95842969432534], [-86.71282072747572, 35.95843587731634], [-86.71281683077166, 35.958439971600896], [-86.71280135234979, 35.95845628233903], [-86.71279364096472, 35.95846445415763], [-86.71278402130119, 35.958474686901745], [-86.71277442848638, 35.95848493566153], [-86.71276679182094, 35.958493156705146], [-86.71275916066739, 35.958501377627655], [-86.71274965699969, 35.958511680889316], [-86.71274017991641, 35.958521994805764], [-86.71273261688629, 35.95853026490451], [-86.71272508163165, 35.958538545739195], [-86.71271567937376, 35.958548908704046], [-86.71270818533583, 35.95855721628197], [-86.71269884424588, 35.95856761228914], [-86.71268395656759, 35.95858428275882], [-86.71267469693949, 35.95859473234648], [-86.71266730432032, 35.95860310059469], [-86.71265258720184, 35.95861987369668], [-86.71264526255342, 35.95862827397991], [-86.712636125464, 35.95863880037579], [-86.71262702848227, 35.958649338225555], [-86.71261976519715, 35.95865778139572], [-86.71261252850603, 35.95866623618797], [-86.71260350618586, 35.958676816845696], [-86.71259631082837, 35.958685299347664], [-86.71258734307212, 35.958695912119936], [-86.7125784098989, 35.95870654727971], [-86.71257128240258, 35.95871506172937], [-86.71256417516993, 35.95872359328899], [-86.71255532325382, 35.958734271217736], [-86.71234703696783, 35.95898612539623], [-86.71234146730635, 35.95899281175076], [-86.71233585091012, 35.95899947148103], [-86.71233019204497, 35.95900609796859], [-86.71232446649024, 35.9590127033125], [-86.71231870073873, 35.95901927557603], [-86.71231287927583, 35.959025821004666], [-86.7123070110214, 35.95903233347989], [-86.71230109473315, 35.95903881916268], [-86.71229513057054, 35.95904527172256], [-86.71228911296868, 35.95905169760994], [-86.71228304738514, 35.959058090462975], [-86.71227693386797, 35.95906445564386], [-86.71227077345746, 35.95907078857513], [-86.71226456518207, 35.959077089438324], [-86.71225830886489, 35.959083362630025], [-86.71225200586268, 35.95908960269172], [-86.71224565477858, 35.95909581059874], [-86.71223925571277, 35.95910198547136], [-86.71223280986257, 35.959108128181505], [-86.71222632262615, 35.9591142378183], [-86.71221978081961, 35.95912031525079], [-86.71221319881634, 35.959126359602756], [-86.7122065688313, 35.95913237092032], [-86.71219989087247, 35.95913835008245], [-86.71219317271603, 35.95914429607614], [-86.71218640663803, 35.95915020367254], [-86.71217960031879, 35.959156085309345], [-86.71217274596128, 35.959161927582485], [-86.71216584368919, 35.95916773224939], [-86.71215890116102, 35.95917350928652], [-86.71215191730519, 35.95917924771146], [-86.71214488542833, 35.95918494870658], [-86.71213332472124, 35.95919422032909], [-86.71212170814907, 35.95920344815004], [-86.71211004571855, 35.95921262665976], [-86.7121006624589, 35.959219935022446], [-86.71208888398097, 35.95922902674591], [-86.71207942687258, 35.959236263457356], [-86.71206755223405, 35.95924526739784], [-86.71205562288048, 35.95925422313431], [-86.71204363311124, 35.959263134041066], [-86.71203159420057, 35.95927199126042], [-86.7120195027193, 35.95928079824124], [-86.71200978647119, 35.959287811957225], [-86.71200003554064, 35.95929479264758], [-86.71198780657956, 35.959303474287104], [-86.71197551727941, 35.95931210758004], [-86.71196317200891, 35.95932068529183], [-86.7119507798075, 35.959329214665544], [-86.71194083209349, 35.95933600451901], [-86.71192834368289, 35.959344440659216], [-86.71191580162984, 35.95935282762191], [-86.71190321156392, 35.95936116616501], [-86.71189310044484, 35.959367797423795], [-86.71188041416269, 35.95937604194207], [-86.71186768187331, 35.95938423257843], [-86.71185490037462, 35.95939237401097], [-86.71184206518403, 35.95940046072788], [-86.7118317616582, 35.95940689479385], [-86.71181883805211, 35.959414889197916], [-86.71180586518014, 35.95942282806889], [-86.71179545417401, 35.95942914197862], [-86.71178239948132, 35.95943698840982], [-86.71177190572048, 35.95944322623706], [-86.71176174869451, 35.95944929715281], [-86.71175416687294, 35.95945388008189], [-86.71174410479827, 35.959460049509524], [-86.71173409775683, 35.95946627900517], [-86.71172414542492, 35.959472568658704], [-86.71171425456399, 35.95947891280385], [-86.71170686981927, 35.95948370906552], [-86.71169707422416, 35.959490162709585], [-86.71168734004425, 35.95949666460406], [-86.71167766068906, 35.959503227446945], [-86.7116680416092, 35.9595098440854], [-86.71166086265046, 35.95951484817795], [-86.71165134663975, 35.95952156424745], [-86.71164189084347, 35.95952833938743], [-86.71163249770827, 35.95953516910016], [-86.71162375635865, 35.95954162186816], [-86.71163263481814, 35.95954244725216], [-86.71371402650284, 35.95973586359026], [-86.71367347232463, 35.960133853122315], [-86.71367250807815, 35.960133751588614], [-86.71130064412968, 35.95988481010787], [-86.71120126575524, 35.95986214540393], [-86.71120570817072, 35.95985485012936], [-86.71120869918825, 35.95985000232159], [-86.7112117178817, 35.95984516604223], [-86.71121476337893, 35.95984034050535], [-86.71121782881863, 35.95983552021303], [-86.7112209277057, 35.95983071598642], [-86.71122404782906, 35.95982592868878], [-86.711227188929, 35.959821141355064], [-86.71123036239423, 35.95981637000549], [-86.7112335569913, 35.959811603893485], [-86.71123677941321, 35.95980685388039], [-86.71124002734926, 35.95980211549641], [-86.71124329656536, 35.95979738683251], [-86.71124824878761, 35.959790319220325], [-86.71125158583037, 35.95978561811087], [-86.7112549428729, 35.95978092866311], [-86.71125832784682, 35.95977625513775], [-86.71126173280484, 35.959771591516066], [-86.71126516458152, 35.959766940306885], [-86.71126862406632, 35.95976230423023], [-86.71127210371051, 35.95975767348487], [-86.71127560995006, 35.95975305436216], [-86.71127914416974, 35.959748456612004], [-86.7112826983326, 35.95974386419431], [-86.71128627264264, 35.95973928783298], [-86.71128987473746, 35.95973472308732], [-86.71129350352628, 35.95973016890879], [-86.71129715354431, 35.95972563086811], [-86.71130082906858, 35.9597211035775], [-86.71130453367351, 35.95971658771902], [-86.71130825052546, 35.95971208717234], [-86.71131200186508, 35.959707598113866], [-86.71131577319574, 35.95970311975], [-86.71131956468226, 35.95969865840945], [-86.71132338394483, 35.95969420771758], [-86.71132722339547, 35.95968977765306], [-86.71133108399435, 35.95968535467208], [-86.71133497792367, 35.95968094679045], [-86.71133888536448, 35.95967655052079], [-86.71134281943289, 35.95967216947796], [-86.71134677469746, 35.95966780088096], [-86.7113507501013, 35.95966344746113], [-86.71135475884508, 35.95965911019543], [-86.71136081041982, 35.95965262464033], [-86.71136486714234, 35.95964832032083], [-86.71136895179774, 35.9596440320994], [-86.71137305650083, 35.95963976090191], [-86.71137718780207, 35.9596354895471], [-86.71138134036815, 35.9596312504174], [-86.71138551310226, 35.959627017585795], [-86.71138970587543, 35.95962280081107], [-86.71139392528757, 35.959618588450155], [-86.7113981660405, 35.95961440470952], [-86.71140242682532, 35.959610236234674], [-86.71140671431283, 35.959606079293884], [-86.71141102304094, 35.95960192767785], [-86.71141751633861, 35.959595746843156], [-86.71142187967048, 35.95959164351836], [-86.71142626202891, 35.9595875518609], [-86.71143066670481, 35.95958347712592], [-86.71143509033146, 35.959579417663065], [-86.71143954189803, 35.95957537508951], [-86.71144400015638, 35.95957134328916], [-86.71144849191069, 35.95956733300451], [-86.7114530036639, 35.95956333429352], [-86.71145753664551, 35.95955935163233], [-86.71146209074811, 35.959555385109546], [-86.71146666413011, 35.95955144642811], [-86.71147125837096, 35.95954750665615], [-86.71147587292444, 35.95954358935685], [-86.71148051412032, 35.95953968895455], [-86.71148516994202, 35.95953580384978], [-86.71148984581131, 35.9595319357689], [-86.71149454182775, 35.9595280837442], [-86.71149925908124, 35.959524248736315], [-86.71150637733314, 35.9595185248521], [-86.71151114250667, 35.95951472832883], [-86.71151831557441, 35.95950906442631], [-86.71152794664772, 35.95950156273725], [-86.71153521561496, 35.95949597035314], [-86.71154008255581, 35.95949226069777], [-86.71154496175077, 35.9594885671453], [-86.7115523202189, 35.95948305625131], [-86.71156217595087, 35.95947575691934], [-86.71156713001302, 35.95947212868018], [-86.71157459674421, 35.95946670558243], [-86.71158209717039, 35.95946132632805], [-86.71158711389415, 35.95945775274938], [-86.71159215070573, 35.95945420067763], [-86.71159973367637, 35.959448886778894], [-86.71160990233007, 35.95944186585073], [-86.71161500735383, 35.959438384582036], [-86.71162269229278, 35.95943318005463], [-86.71163041736703, 35.959428014057885], [-86.71163558392252, 35.95942458200584], [-86.71164077046548, 35.95942117234046], [-86.71164857169268, 35.95941608246203], [-86.71165379199157, 35.95941271136487], [-86.71166165349399, 35.95940767528191], [-86.71166691619872, 35.959404342701845], [-86.71167482592934, 35.95939936751839], [-86.71168012119276, 35.95939607263456], [-86.71168678371872, 35.95939196379428], [-86.71168809243596, 35.95939115660169], [-86.71169888047531, 35.959384598894886], [-86.71163047278452, 35.959375453992784], [-86.71098923632871, 35.95928972603287], [-86.71016750289863, 35.9591798618812], [-86.7101671121894, 35.95917980915448], [-86.71017805063994, 35.95913768514176], [-86.71052256987895, 35.95781093337678], [-86.71053169257668, 35.95777580511653], [-86.71072449309945, 35.95703331897858], [-86.71074784587331, 35.956977911060314], [-86.71077087627894, 35.956923276540294], [-86.71123890188491, 35.95581287196418], [-86.71190545614688, 35.954231400993955], [-86.71190902530385, 35.954222932762036], [-86.71192752621296, 35.95422583918758], [-86.71194738172225, 35.9542289916588], [-86.7119672241691, 35.954232170401305], [-86.71198374979596, 35.95423484780354], [-86.71200357845454, 35.954238092378525], [-86.71202340175071, 35.9542413658165], [-86.71203990811709, 35.9542441136532], [-86.71205971757713, 35.95424744756145], [-86.7120795140307, 35.95425081398226], [-86.71209929634867, 35.9542542075598], [-86.71211578371083, 35.95425706635339], [-86.71213555446252, 35.954260520299904], [-86.71215532421829, 35.954264007742836], [-86.71217507448777, 35.954267528527936], [-86.71219153618622, 35.954270491109234], [-86.71221128024823, 35.95427406695698], [-86.71223100460072, 35.95427767535698], [-86.7122507281642, 35.95428131619733], [-86.71227043981831, 35.954284991302025], [-86.71228686167682, 35.95428808025732], [-86.71230655949616, 35.95429181592028], [-86.71232624533381, 35.95429557776022], [-86.7123459237439, 35.95429937928848], [-86.7123623121148, 35.954302567594475], [-86.71238197782989, 35.9543064241359], [-86.7123983533972, 35.95430966745674], [-86.71241799284773, 35.954313572937934], [-86.71243762491007, 35.954317522502734], [-86.7124320626009, 35.95414458694521], [-86.71228067158563, 35.94920215333251], [-86.71151734345922, 35.94934232525572], [-86.71024872252579, 35.949575269124075], [-86.70980343214585, 35.949657026437805], [-86.7097891771803, 35.949030068331936], [-86.70979657973199, 35.94890855419518], [-86.7097994270401, 35.94886166834981], [-86.70979996163337, 35.94885287653522], [-86.71035313988448, 35.94887706237694], [-86.71196401806478, 35.9481566628489], [-86.71222912691455, 35.948022162760665], [-86.71260747724645, 35.94783020734876], [-86.71304474632646, 35.94761858838679], [-86.71364766983058, 35.94730374641706], [-86.71450868572826, 35.94741491244809], [-86.71450984540104, 35.947415062395734], [-86.7147883125957, 35.94389380484346], [-86.71400817750117, 35.9438339423463], [-86.70944078080211, 35.94348337724626], [-86.70912074964711, 35.94345879630593], [-86.70909146046394, 35.943456547032405], [-86.70826059059225, 35.943392758710424], [-86.70825986074198, 35.94339269636942], [-86.70654991863023, 35.94324581718762], [-86.70597201353048, 35.94319247281993], [-86.70580669245408, 35.943177212537634], [-86.70497081865562, 35.94310005100044], [-86.70442841515664, 35.943047719730636], [-86.70440807111655, 35.943045756823025], [-86.70311395430605, 35.94292088927999], [-86.70309679385612, 35.9429251040053], [-86.70309573545163, 35.9429336411033], [-86.70305649570409, 35.94325022044367], [-86.70289777146279, 35.94493641162677], [-86.70320268635659, 35.944971001876354], [-86.70317883269786, 35.94513172687286], [-86.70283806457601, 35.94742773351946], [-86.70283738204274, 35.94742851533582], [-86.70204977662213, 35.94833070932419], [-86.70188590989936, 35.94851841458975], [-86.70177339303062, 35.94864729824917], [-86.7017527195628, 35.94867097804632], [-86.70169775599578, 35.94874030369254], [-86.70196353894836, 35.94889254433959], [-86.70202767015631, 35.94892922941066], [-86.70209186940536, 35.94896583836003], [-86.7021561281265, 35.949002380292214], [-86.7021882781612, 35.949020620839754], [-86.70222276314159, 35.94904015568526], [-86.70226604295108, 35.949064633302214], [-86.70231167194684, 35.94909038780706], [-86.70235732831466, 35.949116104333456], [-86.70240301756812, 35.949141782849274], [-86.70244605069249, 35.949165921100885], [-86.70249179379356, 35.9491915325449], [-86.70253758307693, 35.949217105812636], [-86.70258338658238, 35.94924264566197], [-86.70276784715782, 35.94934536893595], [-86.70338475181164, 35.949688911941436], [-86.70347128303023, 35.94973709499126], [-86.70348102339268, 35.9497425180378], [-86.7034891588978, 35.94974707522875], [-86.70349725489407, 35.949751675989894], [-86.70350531690215, 35.94975632108013], [-86.70351333817177, 35.94976100517634], [-86.7035213265865, 35.94976572726551], [-86.70352928209493, 35.949770493765385], [-86.70353719584371, 35.94977529382678], [-86.70354507126818, 35.94978014914359], [-86.70355291255298, 35.9497850316479], [-86.70355812370843, 35.949788314437896], [-86.70356330170921, 35.94979161359695], [-86.70357105630312, 35.94979659576961], [-86.70357876361592, 35.94980161065709], [-86.70358643683335, 35.94980666996224], [-86.70359407054896, 35.94981177362876], [-86.70360167028892, 35.94981691081146], [-86.70360921047146, 35.94982208623116], [-86.70361672321242, 35.94982730049133], [-86.70362419537607, 35.94983254751507], [-86.70363162803314, 35.94983785059233], [-86.70363902103848, 35.94984318106527], [-86.70364392433244, 35.94984675039275], [-86.70364880783382, 35.94985034330782], [-86.70365609966468, 35.94985576166613], [-86.70366335086601, 35.9498612191178], [-86.70367010684315, 35.949756032837655], [-86.7036709465676, 35.949756605674835], [-86.70383129996219, 35.94829684074375], [-86.70383226829591, 35.948288022070976], [-86.7072772939843, 35.94861330352604], [-86.70743461897473, 35.9486281582101], [-86.70742757809303, 35.94863640329947], [-86.70590840169231, 35.95041525991295], [-86.7049059151687, 35.951589044622914], [-86.70490858705246, 35.95159246749749], [-86.70483959146014, 35.9516577558374], [-86.70484647336119, 35.951666424016935], [-86.70485338831054, 35.951675075739075], [-86.70486033641707, 35.9516837110912], [-86.70486731205035, 35.95169232913917], [-86.70487432862413, 35.951700930683636], [-86.70488136490081, 35.95170951048636], [-86.70488843426628, 35.951718078402834], [-86.70489554447653, 35.951726619003246], [-86.70490268247352, 35.95173515944058], [-86.70490984563966, 35.9517436727416], [-86.70492648770961, 35.95176332748359], [-86.70494317711788, 35.95178295486963], [-86.70495991958758, 35.95180255407502], [-86.70497670939486, 35.951822125836514], [-86.7049935400467, 35.951841669488815], [-86.7050104381469, 35.951861185755256], [-86.70501319646148, 35.951864355730834], [-86.7050273757928, 35.951880673744284], [-86.70504247615445, 35.95189797517579], [-86.70505950868558, 35.951917407660474], [-86.7050765875829, 35.95193681288274], [-86.70509181582626, 35.95195403602195], [-86.70510898960815, 35.951973385651876], [-86.70512620964826, 35.95199270801982], [-86.70514155923455, 35.95200985923453], [-86.70515888075425, 35.95202912597149], [-86.70517624198142, 35.952048358276116], [-86.70518222642787, 35.95205494962726], [-86.70518722095848, 35.952060409306874], [-86.70519429039733, 35.95206808764069], [-86.70520240201971, 35.95207679272577], [-86.7052105610224, 35.9520854759068], [-86.70521672087358, 35.95209196073621], [-86.7052249736196, 35.95210058297264], [-86.70523120066187, 35.95210702424367], [-86.70523745415707, 35.95211344909601], [-86.70524584142355, 35.95212198764345], [-86.70525216880358, 35.9521283678432], [-86.70526064981347, 35.95213684544597], [-86.70526917135649, 35.95214528492132], [-86.70527775373881, 35.95215369617199], [-86.70528638345685, 35.9521620682883], [-86.70529289151338, 35.9521683267265], [-86.70529942715604, 35.95217456240967], [-86.70530819124761, 35.95218284644217], [-86.70531700164133, 35.952191096708916], [-86.7053236375357, 35.95219726156304], [-86.70533030090023, 35.952203402783724], [-86.70533924577488, 35.95221156487801], [-86.70534823128372, 35.95221968805293], [-86.7053550092784, 35.952225758272334], [-86.70536407414299, 35.95223381961971], [-86.7053731939891, 35.95224183835927], [-86.70538236006979, 35.95224982790479], [-86.70538927250212, 35.95225579280904], [-86.70539852557572, 35.95226371608665], [-86.70540783264836, 35.95227159570723], [-86.70541483857328, 35.9522774834923], [-86.70542422705664, 35.952285301361094], [-86.70543366191217, 35.952293081155894], [-86.70544076127356, 35.95229888549251], [-86.70545241339049, 35.95230832873951], [-86.70546409949078, 35.9523177266883], [-86.70547349177046, 35.952325215570745], [-86.70548527141204, 35.95233454176191], [-86.70549709845164, 35.9523438235431], [-86.70550659088111, 35.9523512298157], [-86.70551611626001, 35.952358596246825], [-86.70552807082778, 35.9523677736313], [-86.70554007171168, 35.95237690652421], [-86.70554971157199, 35.952384184898904], [-86.70555937108706, 35.95239143608119], [-86.70557150068056, 35.95240046369121], [-86.70558366869855, 35.9524094469438], [-86.70559344268642, 35.952416609102485], [-86.70560324417461, 35.9524237387482], [-86.70561553977193, 35.952432611186026], [-86.70562787612114, 35.95244144567022], [-86.70563778420113, 35.95244847543751], [-86.70565020852159, 35.9524572318668], [-86.7056601694188, 35.95246420637873], [-86.70567268048075, 35.952472880188985], [-86.70568271619436, 35.95247979298697], [-86.70569530755992, 35.95248838975423], [-86.70570540919257, 35.95249523728604], [-86.70571807415016, 35.952503756082564], [-86.70572824400415, 35.95251054193903], [-86.70574098915722, 35.952518983693146], [-86.70575121822638, 35.95252570423481], [-86.70576147483476, 35.952532396658675], [-86.70577433422211, 35.95254072240112], [-86.7057872399255, 35.95254900365179], [-86.70579759637569, 35.952555590961786], [-86.70581058334784, 35.952563794284444], [-86.70582100035102, 35.95257032084305], [-86.70583406072664, 35.95257843714113], [-86.70584716075568, 35.95258651355778], [-86.70585767106168, 35.95259294137024], [-86.70587085237091, 35.95260092895785], [-86.70588407201272, 35.95260887403433], [-86.70589467674607, 35.95261519579755], [-86.70590797116891, 35.952623062895995], [-86.70591863619055, 35.952629318458726], [-86.70593200411783, 35.95263709774065], [-86.70594272845545, 35.95264328719646], [-86.70595348142199, 35.95264944949496], [-86.70596694914694, 35.95265710643199], [-86.70597776132051, 35.95266320253631], [-86.70599130248145, 35.952670776140494], [-86.70600489104794, 35.952678306213215], [-86.70601578322962, 35.952684291869126], [-86.70602943848051, 35.95269173319816], [-86.70604039110759, 35.95269765819085], [-86.7060541132669, 35.95270501165384], [-86.70606512623398, 35.95271086411601], [-86.70607892194577, 35.95271813521243], [-86.70608998196336, 35.95272391618898], [-86.70610385121903, 35.952731103951734], [-86.70611496374113, 35.95273681886113], [-86.70612889320118, 35.95274391870921], [-86.70614006617211, 35.95274956117524], [-86.70615406242518, 35.952756572366646], [-86.7061652824543, 35.95276214422603], [-86.70617934446685, 35.952769072129364], [-86.70619344146293, 35.95277594567305], [-86.70633709679117, 35.95284566181181], [-86.70633138389165, 35.952868936436005], [-86.70561320557192, 35.955792878145616], [-86.70385613553518, 35.955624410672144], [-86.70361909465468, 35.95560168741634], [-86.70361742379401, 35.9556015268134], [-86.70356355327999, 35.95559636357596], [-86.70293282811082, 35.955573794322945], [-86.70283616249169, 35.9555703335586], [-86.70282524745787, 35.95556994297089], [-86.70282485612381, 35.955578728538775], [-86.70282297873598, 35.95562082342698], [-86.70323521126322, 35.95823771820534], [-86.7032309411841, 35.95827060387556], [-86.70312150417509, 35.95911338648593], [-86.70312078299783, 35.959113330304135], [-86.70245138235401, 35.959060801308766], [-86.70228332343699, 35.959047613340594], [-86.70194083353235, 35.9590207366399], [-86.70167164776109, 35.958999612040145], [-86.70160916251432, 35.958994708063756], [-86.70127602056364, 35.958968561872275], [-86.70110292724483, 35.95891541874676], [-86.7009665517381, 35.958873550448935], [-86.70096602807226, 35.95888269456832], [-86.70079007925106, 35.96195234070522], [-86.700849938961, 35.96195253567664], [-86.70245330625664, 35.962126785535766], [-86.70233223225055, 35.96327008072312], [-86.70261960598553, 35.963296748967544], [-86.70269771654725, 35.963303998357546], [-86.70276486796605, 35.96331023002959], [-86.70278179456955, 35.96331180132931], [-86.70240786891127, 35.963056007094764], [-86.70241340332605, 35.96300388827146], [-86.7025782478465, 35.96145225449587], [-86.70257918746294, 35.96144340719158], [-86.7038684592923, 35.96160509238417], [-86.70384293831785, 35.961977668986655], [-86.70383286569154, 35.96244894927608], [-86.70373784870159, 35.96300446573573], [-86.70381186089365, 35.9630125215516], [-86.70536471033766, 35.96318152748056], [-86.70536217513921, 35.96355122605221], [-86.70572515251142, 35.963604675077704], [-86.70646637487424, 35.9637138137394], [-86.70651456640232, 35.963716541308685], [-86.70651329312396, 35.96372534734842], [-86.7065068618507, 35.96376980420332], [-86.70645922045912, 35.96416052816023], [-86.70643357580302, 35.96428616586293], [-86.7063872675516, 35.964268067124245], [-86.70565614834311, 35.9641944775825], [-86.70566297138423, 35.964136136606825], [-86.70551191620129, 35.96411746629173], [-86.70536050530131, 35.964100806001056], [-86.70422355457337, 35.96396302608881], [-86.7040269440616, 35.96394028063095], [-86.70382929919283, 35.96392453414411], [-86.70363099810149, 35.96391581509346], [-86.70343241785089, 35.96391414096408], [-86.7032339375499, 35.96391951604496], [-86.70321031463232, 35.96410360535961], [-86.70297638732525, 35.965177163355506], [-86.70297098540041, 35.965201955547144], [-86.70296056389465, 35.96524978749606], [-86.70295462691668, 35.96527702987408], [-86.70301607606731, 35.96535116678029], [-86.70282574221612, 35.96655233968612], [-86.7027812343368, 35.966794102763565], [-86.70277106281921, 35.96684992511597], [-86.70273439596417, 35.96723332681315], [-86.70273252312666, 35.96725238142034], [-86.70273054270687, 35.96727142584239], [-86.70272936161477, 35.967282311508534], [-86.70272815263618, 35.96729318652451], [-86.70272594811595, 35.96731221511203], [-86.70272364254946, 35.9673312389267], [-86.70272122831125, 35.96735025168362], [-86.7027187196984, 35.9673692559365], [-86.70271608131112, 35.96738824740868], [-86.70271337855905, 35.96740723661904], [-86.70271177134502, 35.967418080553294], [-86.70271013630109, 35.967428920254434], [-86.70270719500958, 35.96744788738492], [-86.70270415149366, 35.9674668388486], [-86.70270098708627, 35.967485779325706], [-86.70269943069528, 35.96749483575316], [-86.70269773391975, 35.96750471047486], [-86.70269438751153, 35.96752362678379], [-86.70269240741729, 35.96753443324653], [-86.70269066555731, 35.96754384406651], [-86.70268734053782, 35.96756142357912], [-86.70268420496741, 35.967577605975464], [-86.70268045785478, 35.96759648137084], [-86.70267714029839, 35.96761264126914], [-86.70267319672321, 35.9676314836139], [-86.70266970362208, 35.967647615702], [-86.70266734000626, 35.96765842897388], [-86.7026661762415, 35.96766374807797], [-86.70266255455336, 35.96767986737812], [-86.70265885724325, 35.96769597103199], [-86.70265710605541, 35.967703444985226], [-86.70265634571341, 35.9677067382229], [-86.70265508554647, 35.96771206421902], [-86.70265059459658, 35.967730825891216], [-86.7026466608869, 35.96774689294714], [-86.7026426460798, 35.967762948872135], [-86.7026378775827, 35.9677816679448], [-86.70263370060617, 35.967797692289146], [-86.70263228526562, 35.96780303184957], [-86.7026294558878, 35.967813711666075], [-86.70262512904972, 35.9678297143797], [-86.70262073556296, 35.9678457012187], [-86.70261625989714, 35.967861676932955], [-86.70261092727887, 35.96788029292541], [-86.70260631287177, 35.96789624500993], [-86.70260080567766, 35.96791482070294], [-86.70259520430675, 35.96793338604435], [-86.70259031656576, 35.96794928293342], [-86.70258536005348, 35.96796516853153], [-86.70258032901172, 35.96798102757597], [-86.70257522359023, 35.96799687703246], [-86.70256916336182, 35.96801534412954], [-86.70256301320255, 35.96803379188338], [-86.70255765110002, 35.96804958613493], [-86.70255220794216, 35.968065361870636], [-86.70254671705956, 35.96808112170907], [-86.70241852580611, 35.968445560247424], [-86.70224030928587, 35.96895220731775], [-86.70223941924107, 35.96895473974445], [-86.70223851578717, 35.96895727224939], [-86.70223763223125, 35.96895980472619], [-86.70223673548175, 35.96896233719198], [-86.70223583862406, 35.96896486965842], [-86.7022349418349, 35.96896739764104], [-86.70223404513332, 35.968969935556935], [-86.70223314822813, 35.96897246266115], [-86.70223225147839, 35.96897499512693], [-86.70223134689533, 35.96897752227586], [-86.70223044344097, 35.968980054780715], [-86.70222953998727, 35.96898258737352], [-86.70222863649323, 35.96898511539517], [-86.70222773299055, 35.968987642449875], [-86.70222682294033, 35.96899017508108], [-86.70222591824883, 35.96899270223062], [-86.70222500814961, 35.96899522932377], [-86.70222409799115, 35.968997761955556], [-86.70222318789183, 35.96900028904869], [-86.7022222766037, 35.96900281623671], [-86.70222135980056, 35.9690053434568], [-86.70222044970187, 35.96900787063787], [-86.7022195318172, 35.96901039786429], [-86.70221861501311, 35.969012924996484], [-86.7022176982175, 35.969015453095594], [-86.70221678033269, 35.969017980322036], [-86.70221586348109, 35.96902050209196], [-86.70221493997303, 35.96902302935118], [-86.70221402208809, 35.96902555657751], [-86.70221309853181, 35.96902807838657], [-86.70221217405033, 35.96903060565138], [-86.70221125049392, 35.96903312746042], [-86.70221034486778, 35.96903565909866], [-86.70220941135493, 35.96903818008658], [-86.70220848124232, 35.96904070650516], [-86.70220754891885, 35.96904322748619], [-86.70220661541352, 35.96904574935318], [-86.70220568194854, 35.96904827579127], [-86.70220474843534, 35.96905079677914], [-86.70220381276714, 35.96905331865875], [-86.70220287602604, 35.969055841511604], [-86.70220194359408, 35.96905836249319], [-86.70220100788607, 35.969060879889554], [-86.70220006999408, 35.96906340714459], [-86.70219912990049, 35.96906593001698], [-86.7021982039974, 35.9690684310928], [-86.70219724632051, 35.96907097121014], [-86.70219630057956, 35.96907349139019], [-86.70219535263544, 35.969076007011786], [-86.702194409173, 35.96907852805769], [-86.70219346463688, 35.96908104998886], [-86.70219252781105, 35.96908357556732], [-86.70219158322669, 35.96908609204837], [-86.70219063193856, 35.969088608656406], [-86.70218968740222, 35.969091130587614], [-86.70218873719534, 35.96909364718936], [-86.70218778601519, 35.96909616379677], [-86.7021868347268, 35.96909868040479], [-86.70218587688936, 35.96910120241348], [-86.70218492560086, 35.969103719021525], [-86.70218396760701, 35.96910623558071], [-86.70218300966621, 35.96910874589796], [-86.7021820518293, 35.96911126799455], [-86.7021810939434, 35.9691137845531], [-86.70218013703145, 35.96911630119384], [-86.70217917136038, 35.969118817885686], [-86.70217820687873, 35.96912133457059], [-86.70217725002668, 35.969123845760556], [-86.70217628542825, 35.9691263614791], [-86.70217532083826, 35.96912887816463], [-86.70217433508161, 35.969131385918814], [-86.70217336723964, 35.96913390174415], [-86.70217240370678, 35.969136415698244], [-86.70217144355796, 35.969138933236906], [-86.70217048011688, 35.96914144534434], [-86.70216951219835, 35.96914396477442], [-86.70216852763075, 35.96914647252163], [-86.70216755639582, 35.969148983795385], [-86.70216658510081, 35.9691515005199], [-86.7021656060799, 35.96915401183906], [-86.70216462813252, 35.9691565222728], [-86.7021636501936, 35.96915903367355], [-86.70216267895836, 35.96916154494724], [-86.70216169442219, 35.96916405629851], [-86.70216070868867, 35.969166566777716], [-86.70215972415238, 35.96916907812897], [-86.70215874616505, 35.96917158407947], [-86.7021577604391, 35.96917409543768], [-86.70215677589486, 35.96917660590986], [-86.70215578460649, 35.96917911193798], [-86.70215479888036, 35.96918162329612], [-86.70215380763918, 35.96918413468644], [-86.70215282304737, 35.96918663979632], [-86.70215184405737, 35.96918915471947], [-86.702150852816, 35.96919166610973], [-86.70214985369404, 35.96919416682095], [-86.70214886580476, 35.969196678191665], [-86.70214787006597, 35.96919918239955], [-86.70214687105972, 35.96920168398915], [-86.7021458753844, 35.969204195405226], [-86.70214488072676, 35.96920669960679], [-86.70214387841541, 35.96920920657813], [-86.70214286487037, 35.96921170280209], [-86.70214187474164, 35.9692142177901], [-86.70214087458504, 35.969216723869756], [-86.70213987452023, 35.96921922810276], [-86.7021388654567, 35.96922172975098], [-86.70213786195544, 35.969224236729225], [-86.7021368584378, 35.969226741861476], [-86.70213584172812, 35.96922924715849], [-86.70213483264726, 35.969231746872744], [-86.70213381137165, 35.96923424947117], [-86.70213279894692, 35.96923675017192], [-86.70213178663106, 35.969239250959916], [-86.7021307753272, 35.96924175613747], [-86.70212976301045, 35.96924425683753], [-86.70212874387319, 35.96924675669827], [-86.70212771830349, 35.969249262926034], [-86.70212671366431, 35.969251763581255], [-86.70212569463497, 35.96925426344138], [-86.70212467550526, 35.96925676418106], [-86.70212364988798, 35.96925926504656], [-86.70212263074963, 35.96926176481932], [-86.70212160621357, 35.96926426567847], [-86.70212058043134, 35.96926676012748], [-86.70211956140942, 35.96926926086657], [-86.70211853567515, 35.969271760765615], [-86.70211750335297, 35.96927426167014], [-86.70211647757048, 35.9692767561191], [-86.70211544524739, 35.96927925693566], [-86.70211443616606, 35.969281756737644], [-86.70211339939368, 35.96928425582194], [-86.70211236257317, 35.96928674945614], [-86.70211132575261, 35.969289243090294], [-86.70211028779053, 35.96929174218149], [-86.70210924654396, 35.969294236720565], [-86.70210820637942, 35.96929673134121], [-86.70210716836904, 35.9692992249823], [-86.70210612377855, 35.96930172050781], [-86.7021050869576, 35.969304214141935], [-86.70210404236695, 35.96930670966745], [-86.70210401854494, 35.96930676747526], [-86.70169837836521, 35.970278548849016], [-86.70169731965264, 35.97028107689143], [-86.70169626753572, 35.97028360480746], [-86.70169520103707, 35.97028613289522], [-86.70169414227699, 35.970288655575345], [-86.70169308356343, 35.97029118352979], [-86.70169201706453, 35.9702937116175], [-86.70169095159892, 35.970296234248806], [-86.70168987175154, 35.9702987570518], [-86.70168881292955, 35.97030128500685], [-86.70168773978664, 35.970303807770755], [-86.70168666772426, 35.97030633044041], [-86.70168559447228, 35.97030885311699], [-86.70168451457653, 35.97031137046982], [-86.70168343585742, 35.970313898628696], [-86.70168234930419, 35.97031642138279], [-86.70168127611278, 35.97031893869651], [-86.70168019074892, 35.97032146144361], [-86.70167911074468, 35.97032397879699], [-86.70167802429926, 35.9703265015504], [-86.70167693114924, 35.970329024342874], [-86.70167584557385, 35.9703315353992], [-86.70167475242447, 35.97033405827957], [-86.70167365922607, 35.97033657562189], [-86.70167256602849, 35.97033909305209], [-86.70167146617351, 35.97034161588357], [-86.7016703662839, 35.97034412253987], [-86.70166926638143, 35.970346640009126], [-86.70166816647894, 35.97034915747836], [-86.70166706662867, 35.97035166861779], [-86.70166595342415, 35.97035418607656], [-86.70166485358229, 35.97035669818295], [-86.70166372809439, 35.97035920850473], [-86.70166263150432, 35.970361721471185], [-86.70166152498864, 35.970364237132785], [-86.7016604250538, 35.97036675099783], [-86.70165929412771, 35.97036925783483], [-86.70165817423084, 35.970371764519655], [-86.70165705993745, 35.97037428119356], [-86.70165593993309, 35.97037678796694], [-86.70165481348765, 35.9703793001403], [-86.70165369359133, 35.970381806912975], [-86.70165256594768, 35.970384318126285], [-86.70165143934658, 35.97038682493808], [-86.70165031274541, 35.970389331749764], [-86.70164918505428, 35.970391837600836], [-86.7016480518565, 35.97039434445102], [-86.70164691865864, 35.97039685130114], [-86.70164579097582, 35.97039935811913], [-86.70164464446822, 35.970401864079776], [-86.70164351003253, 35.97040436548667], [-86.7016423701298, 35.970406872375875], [-86.70164122249327, 35.97040937298057], [-86.7016400825904, 35.97041187986968], [-86.7016389282491, 35.97041438051347], [-86.70163778721663, 35.97041688195877], [-86.70163664066901, 35.97041938343615], [-86.701635492924, 35.97042188404141], [-86.70163433859018, 35.970424385564215], [-86.7016331853908, 35.970426880838716], [-86.70163203105686, 35.970429382361495], [-86.70163087671509, 35.97043188300512], [-86.70162973449254, 35.970434384457285], [-86.70162856570455, 35.97043687797652], [-86.70162739468515, 35.9704393759921], [-86.70162622146331, 35.970441869537154], [-86.70162505371698, 35.97044435856691], [-86.7016238805423, 35.97044685747409], [-86.70162273064147, 35.97044935897093], [-86.70162155624608, 35.97045185436886], [-86.70162038191849, 35.97045434519505], [-86.7016192153082, 35.970456840459704], [-86.70161804092042, 35.97045933673666], [-86.70161685879883, 35.97046182672914], [-86.70161568436275, 35.970464317555944], [-86.70161450337048, 35.970466812992235], [-86.70161332233782, 35.970469303857435], [-86.70161214129732, 35.970471793843565], [-86.70161095355215, 35.97047428386876], [-86.7016097658747, 35.97047676932221], [-86.70160857817743, 35.970479264797575], [-86.70160738925526, 35.97048174401663], [-86.70160619496832, 35.97048424032153], [-86.70160500053095, 35.97048671957271], [-86.70160380624462, 35.97048921596545], [-86.70160260406838, 35.97049170062428], [-86.70160140963075, 35.97049417987543], [-86.70160021534424, 35.970496676268134], [-86.70159901312044, 35.97049915556468], [-86.70159780542878, 35.970501640255534], [-86.70159660320486, 35.97050411955204], [-86.70159539552158, 35.97050660520983], [-86.7015941867483, 35.97050908990698], [-86.70159297890089, 35.97051156923619], [-86.70159176348373, 35.970514048609516], [-86.70159055569198, 35.97051653426792], [-86.70158934027464, 35.97051901364121], [-86.701588119125, 35.97052149295996], [-86.70158690359942, 35.97052397233389], [-86.70158568147718, 35.970526451746224], [-86.70158446044407, 35.97052893203126], [-86.70158323816628, 35.97053140608194], [-86.70158202382986, 35.97053388544887], [-86.70158078825004, 35.97053635948915], [-86.70157955942281, 35.97053883894051], [-86.70157833054748, 35.97054131294165], [-86.70157709507633, 35.97054378706915], [-86.70157586728995, 35.97054626194309], [-86.70157463181866, 35.97054873607056], [-86.70157339623839, 35.97055121011078], [-86.70157216076616, 35.970553684150346], [-86.70157091859, 35.970556158316825], [-86.70156966975297, 35.97055862522564], [-86.70156843859056, 35.970561097481834], [-86.70156718536772, 35.970563569866535], [-86.70156594976375, 35.97056604126947], [-86.70156469204262, 35.97056850638389], [-86.70156343318081, 35.97057097704325], [-86.70156219651071, 35.97057345021056], [-86.70156094093667, 35.97057591355418], [-86.70155968541067, 35.970578382347966], [-86.70155842988457, 35.9705808511417], [-86.70155717322888, 35.970583314491584], [-86.70155591099802, 35.97058578332438], [-86.70155464212328, 35.970588246833366], [-86.70155339325345, 35.97059071013784], [-86.70155212334443, 35.970593179015324], [-86.70155085446866, 35.97059564243639], [-86.70154959218935, 35.97059810581895], [-86.70154832326615, 35.970600563877696], [-86.7015470466049, 35.97060302743197], [-86.70154577772107, 35.970605489973906], [-86.70154450101164, 35.970607948077976], [-86.7015432321354, 35.97061041149893], [-86.70154194882932, 35.970612869641435], [-86.70154067320101, 35.9706153277392], [-86.70153938989398, 35.970617785793785], [-86.70153810766124, 35.9706202430509], [-86.70153682435483, 35.970622701193356], [-86.70153553542511, 35.970625159368524], [-86.70153425216577, 35.97062762287321], [-86.70153296314054, 35.97063007023601], [-86.70153167322876, 35.970632527449865], [-86.70153037646539, 35.97063498030812], [-86.70152908759533, 35.97063743303251], [-86.70152779087908, 35.97063989125301], [-86.70152649421507, 35.970642343143645], [-86.70152519085414, 35.97064479595238], [-86.70152389523184, 35.970647243353554], [-86.7015225918707, 35.97064969616223], [-86.70152128850178, 35.97065214809189], [-86.70151997849668, 35.97065459557681], [-86.70151867513535, 35.97065704838547], [-86.70151736512233, 35.970659494991324], [-86.70151605500892, 35.97066194247679], [-86.7015147460849, 35.97066438995531], [-86.70151342936627, 35.970666836512294], [-86.7015121126561, 35.97066928403611], [-86.70151080264272, 35.97067173064189], [-86.70150947933512, 35.97067417811622], [-86.70150816138788, 35.97067662028478], [-86.70150683807233, 35.97067906688008], [-86.70150551471717, 35.97068150899214], [-86.70150419124604, 35.970683950225826], [-86.70150284005166, 35.97068638713759], [-86.70150152665363, 35.97068883015864], [-86.70150020548498, 35.970691274983125], [-86.70149888323482, 35.97069371981392], [-86.7014975398494, 35.97069615931745], [-86.70149620313752, 35.97069859526563], [-86.70149487307707, 35.9707010374167], [-86.701493528579, 35.97070347341024], [-86.70149219181378, 35.9707059156003], [-86.70149085510158, 35.970708351548424], [-86.70148951061022, 35.97071078833307], [-86.70148818053386, 35.970713228725955], [-86.70148683265901, 35.97071566201383], [-86.70148548251316, 35.970718095314965], [-86.70148412805715, 35.97072053039942], [-86.7014827746352, 35.97072296011531], [-86.70148142007089, 35.970725395200354], [-86.70148006223052, 35.970727826700134], [-86.70147870438234, 35.9707302573209], [-86.70147734760769, 35.970732687056206], [-86.70147598965895, 35.97073511855661], [-86.70147463181053, 35.97073754917727], [-86.7014732716593, 35.970739976207064], [-86.70147191046613, 35.9707424077263], [-86.70147054928137, 35.97074484021249], [-86.70146918589347, 35.97074726814017], [-86.70146780582874, 35.9707496935277], [-86.70146644345347, 35.97075212593283], [-86.70146507222425, 35.97075454766454], [-86.7014636921585, 35.970756972964104], [-86.70146231862563, 35.97075939101704], [-86.70146093856049, 35.97076181640446], [-86.70145955838635, 35.97076424170459], [-86.70145817611873, 35.97076666262146], [-86.70145679712623, 35.97076908703557], [-86.70145541474952, 35.97077150786511], [-86.70145402902897, 35.97077392968112], [-86.7014526500044, 35.970776350491086], [-86.70145126439098, 35.97077877221853], [-86.701449854283, 35.97078118784708], [-86.7014484696272, 35.97078360781066], [-86.70144707832677, 35.97078602236256], [-86.70144568718244, 35.97078844236396], [-86.70144428917793, 35.97079085704278], [-86.7014428912807, 35.970793271633056], [-86.70144149333613, 35.97079568086112], [-86.70144008760039, 35.970798101826524], [-86.70143868970369, 35.97080051650465], [-86.70143728510149, 35.97080293113394], [-86.7014358739035, 35.97080534588958], [-86.70143446817245, 35.97080775516287], [-86.70143307463974, 35.97081017421101], [-86.7014316589442, 35.97081258178412], [-86.7014302420583, 35.970814989276285], [-86.70142882636254, 35.97081739684937], [-86.70142740624, 35.970819805239444], [-86.70142598601002, 35.97082221371803], [-86.70142456696945, 35.97082462218967], [-86.70142314684742, 35.970827030667586], [-86.70142172442185, 35.97082943546666], [-86.70142029988142, 35.97083184572849], [-86.70141887626691, 35.97083425062238], [-86.70141745394997, 35.97083665550868], [-86.70141603152405, 35.97083906030773], [-86.7014146013685, 35.97084147156918], [-86.70141316448081, 35.97084386748558], [-86.70141172427242, 35.970846267025685], [-86.70141028291904, 35.970848659363774], [-86.70140886165392, 35.97085107321069], [-86.70140742251893, 35.970853471865325], [-86.70140598457338, 35.97085587051304], [-86.70140453888126, 35.97085827368928], [-86.70140309974602, 35.97086067234388], [-86.70140165396691, 35.970863065674635], [-86.701400208235, 35.97086546436767], [-86.70139876357588, 35.97086786208738], [-86.70139731109181, 35.970870255457164], [-86.70139585865499, 35.970872654189144], [-86.70139440627038, 35.97087504659133], [-86.70139295378534, 35.970877439873156], [-86.70139149023045, 35.97087982873606], [-86.70139002891806, 35.970882226640605], [-86.70138856978117, 35.970884613719534], [-86.70138712493072, 35.970886989814375], [-86.70138565150134, 35.970889399481464], [-86.70138418349677, 35.97089178661194], [-86.7013827154913, 35.970894173654614], [-86.70138125523577, 35.970896568827584], [-86.70137978723093, 35.97089895595807], [-86.70137831588146, 35.97090134398711], [-86.70137684453184, 35.97090373201613], [-86.70137536639768, 35.97090611102992], [-86.70137389397428, 35.97090849994425], [-86.70137241706978, 35.9709108835222], [-86.70137094571979, 35.97091327155109], [-86.7013694720663, 35.9709156559012], [-86.70136799404835, 35.97091803588127], [-86.70136651827991, 35.97092042569406], [-86.70136504139126, 35.970922811117894], [-86.7013635332699, 35.9709251867019], [-86.7013620541935, 35.97092756932533], [-86.70136056716774, 35.97092994575343], [-86.70135906813329, 35.97093233394351], [-86.70135758105931, 35.970934704921405], [-86.70135608852596, 35.970937082260626], [-86.70135459490253, 35.970939458639194], [-86.7013530957647, 35.97094183513771], [-86.70135159549228, 35.97094421788449], [-86.70135010177404, 35.970946583538506], [-86.7013486025879, 35.97094895458685], [-86.70134710216405, 35.970951320192036], [-86.70134560964286, 35.97095368671815], [-86.70134411601963, 35.97095606318443], [-86.70134262342964, 35.97095843419429], [-86.7013411297659, 35.9709608060895], [-86.70133963722378, 35.97096318254943], [-86.70133815014867, 35.97096555352709], [-86.70133666431876, 35.970967930827015], [-86.70133517735155, 35.97097030180403], [-86.70133369140483, 35.970972678137564], [-86.70133221217121, 35.97097505539902], [-86.70133072525185, 35.970977431826064], [-86.70132924600948, 35.9709798081205], [-86.70132776677559, 35.97098218538186], [-86.70132629315712, 35.97098456173137], [-86.70132480737378, 35.97098694439338], [-86.7013233414331, 35.97098932069816], [-86.70132186895079, 35.970991703282614], [-86.70132039625715, 35.97099407417632], [-86.70131892273359, 35.97099646133809], [-86.7013174568475, 35.97099884388406], [-86.70131599090632, 35.97100122018871], [-86.70131453177285, 35.971003608145736], [-86.7013130592822, 35.971005989851015], [-86.70131159344388, 35.97100837784707], [-86.70131013425429, 35.971010759474815], [-86.7013086751204, 35.97101314743176], [-86.70130721582251, 35.97101552906018], [-86.70130575668844, 35.97101791701708], [-86.70130429755356, 35.97102030488605], [-86.70130284500809, 35.971022691925434], [-86.70130139257849, 35.97102507984324], [-86.70129994003287, 35.97102746688255], [-86.70129848754215, 35.971029860163206], [-86.7012970350041, 35.971032248081585], [-86.70129558916213, 35.97103463499388], [-86.70129414337663, 35.9710370283233], [-86.70129270536856, 35.97103942064038], [-86.70129125287744, 35.97104181392088], [-86.70128981364014, 35.97104420176168], [-86.70128837449037, 35.97104659953578], [-86.70128693545632, 35.97104899818826], [-86.70128549730019, 35.971051386022694], [-86.7012840582102, 35.97105377834597], [-86.70128262577248, 35.971056176959976], [-86.70128118658198, 35.97105857016291], [-86.70127975522546, 35.97106096877054], [-86.70127834603751, 35.97106336724914], [-86.7012769036188, 35.97106576231683], [-86.70127551477094, 35.97106807593173], [-86.70127546659846, 35.97106815638618], [-86.70127405195092, 35.971070561225964], [-86.70127261508662, 35.97107296074471], [-86.70127119594166, 35.97107535840205], [-86.70126977128922, 35.97107775697052], [-86.70126835987702, 35.97108016082438], [-86.70126693414299, 35.97108255939918], [-86.70126551613487, 35.9710849633793], [-86.70126409708398, 35.97108737176101], [-86.70126267898038, 35.97108976492874], [-86.70126126648634, 35.971092168788815], [-86.70125985522985, 35.971094578092064], [-86.70125844381704, 35.971096981945806], [-86.70125703143168, 35.9710993858931], [-86.7012556267234, 35.97110178970775], [-86.70125422206306, 35.971104198972505], [-86.70125281626542, 35.97110660191437], [-86.70125141160491, 35.97110901117912], [-86.70125000694432, 35.97111142044383], [-86.70124860898831, 35.971113829669434], [-86.7012472110322, 35.97111623889502], [-86.70124581188652, 35.97111864812757], [-86.70124441393025, 35.971121057353145], [-86.7012430158658, 35.97112346657934], [-86.70124162466131, 35.9711258811281], [-86.70124023330129, 35.97112829031522], [-86.70123884198931, 35.971130704952444], [-86.7012374506764, 35.971133119501744], [-86.70123606602087, 35.97113552864975], [-86.70123467466053, 35.971137937836794], [-86.70123329010012, 35.97114035779714], [-86.70123189878771, 35.97114277243425], [-86.70123052752832, 35.971145192317124], [-86.70122914281923, 35.971147607706946], [-86.70122776491586, 35.97115002226596], [-86.70122638695155, 35.97115244218775], [-86.70122500893913, 35.97115485665946], [-86.70122363205607, 35.97115727657495], [-86.70122226074893, 35.97115969109544], [-86.70122088953623, 35.97116211634038], [-86.70121951827619, 35.97116453622307], [-86.7012181469157, 35.971166956985435], [-86.70121679003809, 35.97116937678432], [-86.70121541218128, 35.97117179670537], [-86.70121404761272, 35.971174227361935], [-86.70121268398297, 35.971176641837594], [-86.70121131947438, 35.971179067043394], [-86.70120996141456, 35.97118148772817], [-86.7012086146733, 35.971183916522655], [-86.70120724332841, 35.97118633913088], [-86.70120587986138, 35.97118875984711], [-86.70120453193805, 35.97119118952749], [-86.7012031817034, 35.97119361465007], [-86.70120182383883, 35.971196045267426], [-86.70120047252267, 35.97119847039623], [-86.70119912240443, 35.971200896485044], [-86.70119777892224, 35.971203327018586], [-86.70119642765383, 35.97120575759747], [-86.70119508413194, 35.97120818364784], [-86.70119373956805, 35.97121061418759], [-86.70119240279021, 35.97121304468206], [-86.70119105936337, 35.97121548154474], [-86.70118972134772, 35.97121790659592], [-86.70118838461765, 35.971220342540455], [-86.70118704773905, 35.97122277391453], [-86.70118570977125, 35.97122520441582], [-86.7011843796452, 35.97122764120088], [-86.70118304291402, 35.97123007705747], [-86.70118171943676, 35.971232507474305], [-86.70118038152438, 35.9712349443047], [-86.70117905809494, 35.97123738017166], [-86.70117772796776, 35.97123981686878], [-86.70117640443004, 35.97124225273629], [-86.70117508099958, 35.97124468851532], [-86.70117375751748, 35.97124713071203], [-86.70117244079155, 35.97124956645192], [-86.70117111730852, 35.971252008560704], [-86.70116980717977, 35.971254444350066], [-86.70116848369658, 35.971256886458754], [-86.7011671736234, 35.97125932857731], [-86.70116584793776, 35.97126176621544], [-86.70116454676293, 35.97126421179852], [-86.70116324666165, 35.97126665649621], [-86.70116192649863, 35.971269094981196], [-86.70116061641657, 35.97127153613271], [-86.70115931293873, 35.9712739781248], [-86.70115801058247, 35.97127642468166], [-86.7011567071045, 35.97127886667378], [-86.70115540366669, 35.971281313236894], [-86.70115410023655, 35.97128376067909], [-86.70115280351027, 35.971286207994275], [-86.70115150781028, 35.97128864906189], [-86.7011502110846, 35.97129109646497], [-86.70114891429873, 35.97129354931884], [-86.70114762535046, 35.97129599570963], [-86.70114632851639, 35.97129844311326], [-86.70114503849507, 35.97130089047723], [-86.70114374948646, 35.9713033423187], [-86.70114246606155, 35.971305789644255], [-86.70114117597907, 35.97130824237105], [-86.70113989367493, 35.971310694173425], [-86.70113861014161, 35.97131314149956], [-86.7011373278931, 35.97131559963109], [-86.70113605121975, 35.97131805227973], [-86.70113476891522, 35.971320504082044], [-86.70113349213361, 35.97132295673131], [-86.70113221643402, 35.9713254094621], [-86.70113094088903, 35.971327867466606], [-86.701129682908, 35.97133031824813], [-86.70112840174804, 35.971332777252314], [-86.70112711731204, 35.97133523267129], [-86.70112586272268, 35.97133768791643], [-86.70112460047153, 35.97134014505222], [-86.70112332481867, 35.97134260314519], [-86.70112205032353, 35.97134505762709], [-86.70112079686251, 35.971347518228086], [-86.70111954236799, 35.97134998428548], [-86.70111829236035, 35.971352444075144], [-86.7011170177482, 35.97135489759067], [-86.70111576210084, 35.97135735556704], [-86.70111450650062, 35.971359818905626], [-86.70111325760581, 35.97136228229305], [-86.70111200200542, 35.97136474563161], [-86.70111075300235, 35.97136720901959], [-86.70110949740182, 35.97136967235815], [-86.70110825510245, 35.97137213561919], [-86.70110700620727, 35.97137459900654], [-86.70110576390778, 35.9713770622676], [-86.7011045216082, 35.97137952552856], [-86.7011032794046, 35.97138199968986], [-86.70110203704911, 35.97138445662166], [-86.70110080150201, 35.97138692529369], [-86.70109955925015, 35.971389394004774], [-86.70109832354677, 35.97139185722728], [-86.70109708799947, 35.97139432589932], [-86.70109585353347, 35.971396794565024], [-86.7010946245826, 35.9713992631986], [-86.70109338898187, 35.97140173811245], [-86.70109216003087, 35.97140420674599], [-86.70109092448317, 35.971406675417995], [-86.70108970991461, 35.97140914396773], [-86.70108848101057, 35.97141161796345], [-86.70108725210724, 35.971414092047084], [-86.7010860376466, 35.97141656059616], [-86.7010848153389, 35.97141903455343], [-86.70108359973588, 35.971421508471614], [-86.70108238527499, 35.97142397702072], [-86.70108116967253, 35.971426451026794], [-86.70107994864934, 35.97142893578946], [-86.70107873959529, 35.97143140430698], [-86.70107752518987, 35.97143387918517], [-86.70107631618293, 35.97143635306491], [-86.70107510841346, 35.97143883238783], [-86.7010738995145, 35.97144130626687], [-86.70107269834143, 35.97144378555136], [-86.70107148949032, 35.971446264880555], [-86.70107028832489, 35.971448745044036], [-86.70106908602291, 35.97145121897255], [-86.70106788484881, 35.971453698169086], [-86.70106669038006, 35.97145617741442], [-86.7010654881732, 35.971458662155264], [-86.70106429371205, 35.97146114227963], [-86.70106310594782, 35.97146362148593], [-86.70106191152604, 35.97146610609348], [-86.7010607158674, 35.97146858534571], [-86.70105952815868, 35.971471070881194], [-86.701058340286, 35.97147355008803], [-86.70105715256865, 35.971476034656476], [-86.70105598250984, 35.97147852272638], [-86.70105482723771, 35.97148092156956], [-86.70105478699068, 35.97148100558206], [-86.70066280697161, 35.97230049636884], [-86.70066206350052, 35.972302072612024], [-86.70066131342422, 35.97230364792666], [-86.70066057114266, 35.972305224162916], [-86.70065983436776, 35.972306799400116], [-86.70065909764854, 35.972308380966474], [-86.700658362003, 35.97230996164749], [-86.7006576385851, 35.972311543136456], [-86.70065692294564, 35.97231312370106], [-86.700656199575, 35.972314710552254], [-86.70065548394325, 35.97231629199588], [-86.70065477494836, 35.97231787797222], [-86.70065406596042, 35.97231946473967], [-86.7006533626438, 35.97232105692454], [-86.70065266035358, 35.9723226428618], [-86.7006519713116, 35.97232423496358], [-86.70065127578111, 35.97232582710311], [-86.70065058683946, 35.97232741832519], [-86.7006499045494, 35.97232901575021], [-86.70064922891689, 35.972330607773905], [-86.7006485544137, 35.97233220524146], [-86.70064787882912, 35.97233380271532], [-86.70064721659311, 35.972335405473984], [-86.70064654873373, 35.97233700826538], [-86.70064589320252, 35.972338610985005], [-86.70064523858873, 35.972340207369804], [-86.70064458305747, 35.97234181008944], [-86.70064393520413, 35.97234341276437], [-86.70064329297497, 35.97234501549447], [-86.70064265851828, 35.97234662890434], [-86.70064201721357, 35.97234822609079], [-86.70064138946157, 35.97234983946165], [-86.70064076166236, 35.97235144747029], [-86.7006401405155, 35.972353061769695], [-86.70063951931208, 35.972354669652006], [-86.70063890486142, 35.97235628294544], [-86.7006382971155, 35.9723578961999], [-86.70063768926221, 35.97235950954281], [-86.70063708145533, 35.97236112816011], [-86.70063649473687, 35.97236274674259], [-86.70063589359523, 35.97236436083763], [-86.70063529909046, 35.97236597946538], [-86.70063471237192, 35.972367598047825], [-86.70063413132391, 35.972369221959745], [-86.70063355115391, 35.97237083505368], [-86.70063297675821, 35.9723724652564], [-86.700632410093, 35.97237408908463], [-86.70063182997869, 35.97237570850773], [-86.70063127330266, 35.97237733684909], [-86.70063072438029, 35.97237896145317], [-86.70063017432413, 35.97238059239335], [-86.7006296244163, 35.97238222790397], [-86.7006156518446, 35.97242370157757], [-86.70049119364356, 35.97279354901128], [-86.70049031090898, 35.97279618590478], [-86.70048942833043, 35.97279882824778], [-86.70048855230125, 35.97280146519016], [-86.7004876841055, 35.97280410744944], [-86.70048682147294, 35.97280675512676], [-86.70048596874918, 35.97280939817506], [-86.70048509732526, 35.97281204229923], [-86.70048426240784, 35.972814693331706], [-86.70048341978142, 35.97281734089258], [-86.70048258483293, 35.97281998840881], [-86.70048175663648, 35.972822641248186], [-86.70048092179606, 35.972825288763744], [-86.70048010017996, 35.97282793971878], [-86.70047930748568, 35.97283059595592], [-86.70047849046794, 35.97283325330161], [-86.70047768996332, 35.972835906858954], [-86.70047688846475, 35.97283857035593], [-86.70047609357573, 35.97284122300153], [-86.70047531312528, 35.972843881892594], [-86.70047453152544, 35.97284654536167], [-86.70047375107413, 35.972849204164824], [-86.70047298401255, 35.9728518729118], [-86.70047221685562, 35.97285453084642], [-86.70047146965186, 35.97285719490657], [-86.70047070821349, 35.972859863620805], [-86.70046995425751, 35.97286252235771], [-86.70046921829592, 35.972865198132276], [-86.70046845245453, 35.97286787038854], [-86.70046798159358, 35.972869677565825], [-86.70046775512034, 35.97287053600457], [-86.70046702027696, 35.97287320368495], [-86.70046630085247, 35.97287587839631], [-86.70046558699633, 35.97287854683369], [-86.70046487438469, 35.972881221505446], [-86.70046416826231, 35.972883896227266], [-86.70046347451532, 35.97288657623965], [-86.700462781794, 35.97288924991652], [-86.70046208912828, 35.97289192992256], [-86.70046140960795, 35.97289460440174], [-86.70046073023596, 35.97289728345137], [-86.70046006417319, 35.97289996330262], [-86.70045939815834, 35.97290264860402], [-86.70045873988174, 35.97290532841], [-86.7004580804627, 35.972908013585105], [-86.70045743547976, 35.972910692434596], [-86.70045678936216, 35.972913377532265], [-86.70045616982176, 35.97291604726696], [-86.70045551837147, 35.972918753142395], [-86.70045489334149, 35.97292143811742], [-86.70045427506429, 35.972924128503536], [-86.70045365678705, 35.972926818889654], [-86.70045305165591, 35.97292950383684], [-86.70045244672733, 35.972932199507724], [-86.70045184834817, 35.97293488977808], [-86.70045125007707, 35.9729375800478], [-86.70045066612877, 35.97294027568458], [-86.7004500811034, 35.97294295954771], [-86.70044950272599, 35.972945661481525], [-86.7004489321864, 35.97294835695242], [-86.70044836824427, 35.972951052472766], [-86.7004478032679, 35.972953753361715], [-86.7004472526264, 35.97295644871675], [-86.70044670873776, 35.97295914948294], [-86.70044616480179, 35.9729618448869], [-86.7004456699913, 35.97296433447181], [-86.70044562952934, 35.97296452933962], [-86.70044509681428, 35.97296724630416], [-86.70044456622696, 35.97296994699293], [-86.70044405007826, 35.97297265392723], [-86.70044353279238, 35.972975354538605], [-86.70044302210317, 35.97297805511167], [-86.70044251924743, 35.97298076100156], [-86.70044202190763, 35.97298346694733], [-86.70044152576513, 35.97298617376523], [-86.70044104280741, 35.97298887953935], [-86.70044056666346, 35.972991585361825], [-86.70044008370574, 35.97299429113598], [-86.70043961421409, 35.97299700324921], [-86.70043914455786, 35.972999708945956], [-86.70043869495585, 35.973002419976496], [-86.700438243215, 35.97300513374463], [-86.70043777250119, 35.97300784217275], [-86.70043734075121, 35.97301055406636], [-86.70043690445836, 35.97301326589852], [-86.70043647594402, 35.97301597680633], [-86.70043603628322, 35.97301868689984], [-86.70043563995834, 35.97302140570812], [-86.70043521587003, 35.97302411571104], [-86.70043480741765, 35.97302683283166], [-86.70043440555422, 35.97302954903482], [-86.70043400260855, 35.97303226515631], [-86.70043361518373, 35.97303498760502], [-86.70043322657381, 35.9730376982806], [-86.7004328446162, 35.97304041524705], [-86.70043246935494, 35.97304313120748], [-86.70043210193559, 35.97304585345187], [-86.70043173337987, 35.97304856946121], [-86.70043137926201, 35.97305129162816], [-86.70043102394762, 35.97305401301091], [-86.70043067648659, 35.97305672968872], [-86.70043032895764, 35.97305945093823], [-86.70043000795023, 35.973062150495544], [-86.70042966721608, 35.97306489421045], [-86.70042934640597, 35.973067616183585], [-86.700429025528, 35.973070342728484], [-86.7004287113146, 35.973073064663296], [-86.70042840487966, 35.97307578567371], [-86.70042810401571, 35.97307851298124], [-86.70042780309602, 35.973081233959554], [-86.70042751661502, 35.97308396118341], [-86.70042722245587, 35.97308668845194], [-86.70042694922063, 35.97308940926922], [-86.70042667604109, 35.97309213641568], [-86.70042640956638, 35.97309486352313], [-86.70042613633102, 35.97309758434038], [-86.7004258899099, 35.9731003166937], [-86.7004256367289, 35.97310304284468], [-86.70042539019957, 35.97310577519857], [-86.70042515032786, 35.97310850215125], [-86.70042491044838, 35.97311122822487], [-86.7004246850068, 35.97311396045606], [-86.7004244584366, 35.973116687331334], [-86.70042424628876, 35.973119418606124], [-86.7004240341015, 35.973122145397724], [-86.70042382758558, 35.97312487760674], [-86.70042362203444, 35.97312760884314], [-86.70042342985349, 35.97313033551834], [-86.70042323771973, 35.973133067555786], [-86.70042305888754, 35.973135799515816], [-86.7004228799402, 35.97313853068539], [-86.70042270110798, 35.97314126264543], [-86.7004225366587, 35.9731439945218], [-86.70042237782587, 35.97314672557426], [-86.70042221889187, 35.973149457418565], [-86.70042206774409, 35.973152189217515], [-86.70042194552616, 35.9731549271777], [-86.70042177879037, 35.97315765730919], [-86.70042165316501, 35.973160389047585], [-86.70040592734952, 35.97349012823714], [-86.7003733351762, 35.974173506891994], [-86.70023473846643, 35.97479373115822], [-86.700197205528, 35.974961612812635], [-86.70019661348871, 35.9749642642753], [-86.70019601811313, 35.9749669176035], [-86.7001954193208, 35.974969563655065], [-86.70019482064511, 35.97497221067294], [-86.70019422294264, 35.97497485768512], [-86.70019361760129, 35.974977509225134], [-86.70019300551547, 35.97498015632099], [-86.70019239353, 35.97498280253718], [-86.70019177473053, 35.97498544870501], [-86.70019115495852, 35.97498809496642], [-86.70019052951494, 35.97499073581041], [-86.70018991082436, 35.97499338206555], [-86.70018927873141, 35.97499602927769], [-86.70018864560937, 35.97499867016632], [-86.700188013616, 35.975001316410925], [-86.7001873748704, 35.975003957332255], [-86.700186735044, 35.97500659834776], [-86.70018609629828, 35.975009239269085], [-86.70018544976608, 35.97501188023567], [-86.70018480442342, 35.97501452119534], [-86.70018415129424, 35.97501716220031], [-86.70018349265735, 35.97501980411636], [-86.7001828395289, 35.97502244520925], [-86.70018217964663, 35.97502508080306], [-86.70018151429689, 35.975027721879044], [-86.70018084777045, 35.975030352148934], [-86.70018018143512, 35.97503300413149], [-86.70017950820363, 35.9750356344404], [-86.70017883512739, 35.975038270110936], [-86.70017815523879, 35.9750409059089], [-86.70017747545747, 35.9750435416184], [-86.70017679567692, 35.97504617741582], [-86.7001761091913, 35.97504881325217], [-86.700175422813, 35.975051448999956], [-86.70017472968242, 35.975054079424595], [-86.70017403653888, 35.97505672066218], [-86.70017333556686, 35.97505934489074], [-86.70017263583931, 35.975061975353725], [-86.70017193605078, 35.9750646111795], [-86.70017122853743, 35.97506724177559], [-86.70017052199661, 35.975069872278105], [-86.70016980891904, 35.9750724973683], [-86.70016909474774, 35.975075133365586], [-86.70016837485694, 35.975077758495374], [-86.70016765404075, 35.975080389080894], [-86.70016693310859, 35.97508301878802], [-86.70016620668171, 35.97508563859324], [-86.70016547916035, 35.97508826921773], [-86.70016474493471, 35.97509089996915], [-86.7001640118499, 35.9750935251756], [-86.70016327097932, 35.975096150515235], [-86.7001625301002, 35.97509877488789], [-86.70016178922951, 35.97510140022751], [-86.70016103505614, 35.97510402555655], [-86.70016029413742, 35.97510664544599], [-86.70015953984883, 35.975109269984586], [-86.70015878562812, 35.97511188995138], [-86.70015803145455, 35.975114515280396], [-86.70015727068485, 35.975117140735705], [-86.70015650970328, 35.9751197544123], [-86.70015572885464, 35.97512237180869], [-86.70015498007787, 35.97512498365616], [-86.70015419045639, 35.9751276119165], [-86.7001534251126, 35.97513023379407], [-86.70015264986408, 35.97513284852055], [-86.70015186232563, 35.97513546771409], [-86.70015108805035, 35.97513808243495], [-86.70015029943885, 35.97514070260173], [-86.70014951077158, 35.975143316439244], [-86.70014871659738, 35.97514593127578], [-86.70014792134087, 35.975148546030745], [-86.70014712720604, 35.97515116535049], [-86.70014632524521, 35.97515378023228], [-86.70014552992839, 35.97515640043798], [-86.70014473579334, 35.975159019757676], [-86.7001439405846, 35.975161639962714], [-86.70014314521961, 35.97516425471822], [-86.70014235113167, 35.97516687940017], [-86.70014155592273, 35.97516949960517], [-86.70014076179595, 35.97517211989184], [-86.70013996647877, 35.97517474009745], [-86.70013917785806, 35.97517735929712], [-86.7001383771335, 35.97517997953419], [-86.70013758852193, 35.9751825997887], [-86.70013680098248, 35.97518521898211], [-86.7001360057732, 35.975187839187086], [-86.70013521833734, 35.97519047015974], [-86.70013442967758, 35.97519308496411], [-86.70013363446033, 35.975195704289995], [-86.70013284692922, 35.97519832445031], [-86.70013204054891, 35.9752009411159], [-86.70013125745159, 35.975203561250396], [-86.70013047332844, 35.97520618772039], [-86.7001296914284, 35.975208808727004], [-86.70012890953676, 35.97521143070054], [-86.70012812752066, 35.975214050828754], [-86.70012734778332, 35.97521667182279], [-86.70012656039934, 35.97521929646557], [-86.70012576843371, 35.97522191665158], [-86.7001250020863, 35.975224547589455], [-86.7001241912313, 35.97522715970969], [-86.70012341040452, 35.97522977983094], [-86.70012262183145, 35.9752324045685], [-86.70012183445486, 35.97523503009029], [-86.70012106017762, 35.97523764481093], [-86.70012027831636, 35.97524027030062], [-86.70011949737342, 35.97524288954341], [-86.70011871551287, 35.97524551512098], [-86.70011793468572, 35.97524813524219], [-86.70011716050256, 35.97525076068725], [-86.70011637183389, 35.97525337461239], [-86.70011559110175, 35.97525600554591], [-86.70011481578982, 35.97525862563499], [-86.70011403500962, 35.97526125111837], [-86.70011325309295, 35.97526387036675], [-86.70011247891031, 35.97526649589969], [-86.70011169812996, 35.975269121383015], [-86.70011092281779, 35.97527174147205], [-86.70011014873538, 35.97527436612522], [-86.70010936779948, 35.975276986247], [-86.70010859264247, 35.975279611697644], [-86.70010781845951, 35.9752822372305], [-86.70010704422077, 35.97528485643417], [-86.7001062689555, 35.97528748188544], [-86.70010548817548, 35.97529010745663], [-86.70010472069659, 35.97529273286257], [-86.70010395208891, 35.97529535291257], [-86.70010317789794, 35.97529797756636], [-86.70010240382199, 35.97530060301064], [-86.70010163515401, 35.97530322851138], [-86.70010086107874, 35.97530585404358], [-86.70010011353004, 35.975308482937905], [-86.70009933604643, 35.975311102160354], [-86.70009856515965, 35.97531372134449], [-86.70009779101548, 35.97531635136048], [-86.70009701800517, 35.97531897504028], [-86.70009624046038, 35.9753215996256], [-86.70009548896144, 35.97532414836909], [-86.70009546745769, 35.97532422418451], [-86.70009470550204, 35.975326850525256], [-86.70009394354634, 35.97532947686601], [-86.70009318613273, 35.9753321031803], [-86.70009242416842, 35.97533472855408], [-86.70009163449555, 35.97533735145167], [-86.70009088021028, 35.9753399768687], [-86.7000901061335, 35.9753426023129], [-86.70008935195627, 35.97534522772929], [-86.70008857668208, 35.975347852301304], [-86.70008782250471, 35.975350477717654], [-86.70008704831959, 35.97535310316246], [-86.70008629418932, 35.975355733941015], [-86.70008553346216, 35.97535836475798], [-86.70008476581884, 35.97536098392312], [-86.70008400396286, 35.975363609384075], [-86.7000832430794, 35.975366234751526], [-86.70008248214872, 35.975368854756724], [-86.70008172806612, 35.97537149098536], [-86.70008096729147, 35.97537411644004], [-86.70008020640007, 35.975376740928354], [-86.70007944562528, 35.975379366383024], [-86.70007869138638, 35.975381997162195], [-86.70007793061076, 35.975384622528914], [-86.7000771764327, 35.97538724794519], [-86.70007641451531, 35.97538987876897], [-86.70007566032864, 35.97539250321826], [-86.70007490615045, 35.9753951286345], [-86.70007414531435, 35.97539775945203], [-86.70007339784031, 35.97540038474135], [-86.7000726370049, 35.97540301564668], [-86.70007188287369, 35.97540564642519], [-86.70007112868674, 35.97540827087444], [-86.70007037450824, 35.97541089629069], [-86.7000696203769, 35.9754135270691], [-86.70006887279439, 35.97541615235908], [-86.7000681187109, 35.97541878858759], [-86.70006736448423, 35.975421408553686], [-86.70006661035268, 35.975424039332104], [-86.70006586276229, 35.97542666374297], [-86.70006511533566, 35.975429294482396], [-86.70006436115676, 35.97543191989859], [-86.70006361362191, 35.97543455063863], [-86.70006286619514, 35.97543718137802], [-86.700062118613, 35.97543980675581], [-86.70006137117764, 35.97544243652823], [-86.70006062369052, 35.97544507271843], [-86.70005987606027, 35.97544769264603], [-86.70005912863326, 35.97545032338539], [-86.70005838109803, 35.97545295412538], [-86.70005763362374, 35.97545557950254], [-86.70005688613642, 35.97545821569266], [-86.70005614633958, 35.97546084093721], [-86.70005539890457, 35.97546347079753], [-86.70005465807421, 35.975466101498455], [-86.70005392944874, 35.97546873037031], [-86.70005318190465, 35.97547136014328], [-86.70005242992734, 35.97547399002995], [-86.70005168140291, 35.97547661901746], [-86.70005093276953, 35.97547924791766], [-86.70005018413686, 35.975481876905754], [-86.70004945998456, 35.97548451023498], [-86.70004871910572, 35.97548713548576], [-86.70004797827563, 35.975489766274535], [-86.70004723073973, 35.975492397014456], [-86.7000464966138, 35.975495027676374], [-86.70004576346116, 35.97549765833267], [-86.70004502263014, 35.97550028903356], [-86.700044281799, 35.97550291973447], [-86.70004354767293, 35.97550555039632], [-86.70004280683398, 35.975508180218156], [-86.70004207259963, 35.975510810880714], [-86.70004133960283, 35.975513446986405], [-86.70004059877147, 35.9755160776873], [-86.70003986453698, 35.97551870834977], [-86.7000391304106, 35.97552133901165], [-86.70003839725743, 35.97552396966784], [-86.70003766313097, 35.9755266003297], [-86.70003693560133, 35.9755292309532], [-86.70003619481763, 35.97553186710413], [-86.70003546171678, 35.97553449143048], [-86.70003474083184, 35.975537127465785], [-86.70003400000009, 35.97553975816659], [-86.70003326576514, 35.97554238882904], [-86.70003254606894, 35.97554502476945], [-86.70003180523776, 35.97554765555812], [-86.70003107770772, 35.97555028618159], [-86.7000303513063, 35.97555292216097], [-86.70002961717925, 35.97555555282275], [-86.70002888964909, 35.9755581834462], [-86.7000281632483, 35.97556081951341], [-86.70002743571803, 35.975563450136846], [-86.70002670818772, 35.97556608076025], [-86.70002598178678, 35.97556871682752], [-86.70002525424864, 35.975571346571826], [-86.70002453347043, 35.975573982518476], [-86.70002380042445, 35.97557661317395], [-86.70002307953878, 35.97557924920912], [-86.70002235200816, 35.97558187983246], [-86.70002163231196, 35.97558451586073], [-86.70002088811054, 35.975587144734874], [-86.70002017501118, 35.97558978072473], [-86.70001945636383, 35.97559241305465], [-86.70001874002773, 35.97559504994241], [-86.70001802472582, 35.97559768146168], [-86.70001730936215, 35.97560031825584], [-86.7000165696956, 35.97560294631245], [-86.70001585551375, 35.97560558222065], [-86.70001512906413, 35.97560821283765], [-86.70001441488289, 35.97561084883379], [-86.70001369518619, 35.97561348486193], [-86.70001297429904, 35.975616120809086], [-86.70001225347282, 35.97561875139343], [-86.70001154037291, 35.97562138738321], [-86.70001081947788, 35.975624022451335], [-86.70001010643804, 35.97562665299033], [-86.70000938559937, 35.9756292944755], [-86.70000867245132, 35.975631925015136], [-86.700007951672, 35.97563456096161], [-86.70000723857177, 35.9756371969514], [-86.70000652434209, 35.9756398274973], [-86.70000581124098, 35.97564246339914], [-86.70000509705913, 35.97564509939518], [-86.70000438406687, 35.97564773538427], [-86.70000367096563, 35.97565037128609], [-86.70000295683086, 35.975653012644315], [-86.70000224368312, 35.97565564327182], [-86.70000153615817, 35.975658273778734], [-86.70000082305674, 35.97566090968055], [-86.70000010887455, 35.9756635456765], [-86.69999940247813, 35.97566618153929], [-86.69999869608239, 35.97566881749002], [-86.69999798190005, 35.97567145348599], [-86.69999727539532, 35.97567408934936], [-86.69999656126012, 35.97567673070762], [-86.69999585481624, 35.975679361208144], [-86.69999514842026, 35.97568199715886], [-86.6999944409428, 35.975684633115804], [-86.6999937411429, 35.97568726894019], [-86.69999302700744, 35.97568991029835], [-86.69999232061126, 35.97569254624902], [-86.69999162081197, 35.975695182161296], [-86.69999091333352, 35.97569781803034], [-86.6999902135341, 35.97570045394264], [-86.69998950708984, 35.975703084443126], [-86.69998879955104, 35.97570572576289], [-86.6999880997987, 35.975708367037385], [-86.69998739340222, 35.97571100298802], [-86.69998669370993, 35.97571363881176], [-86.69998599282883, 35.97571627473026], [-86.69998528637126, 35.97571891604372], [-86.6999846088728, 35.975721554463604], [-86.69998390020501, 35.975724190427414], [-86.6999831971523, 35.97572682539152], [-86.69998249295786, 35.975729465812684], [-86.69998178872393, 35.97573210175071], [-86.69998108679195, 35.97573474119174], [-86.69998038255021, 35.97573737625064], [-86.6999796794972, 35.975740011214754], [-86.6999789997753, 35.975742655097875], [-86.6999783054906, 35.97574529097805], [-86.69997760579774, 35.9757479268017], [-86.69997690604467, 35.975750568076094], [-86.69997621294942, 35.9757532039493], [-86.69997551979317, 35.97575584518535], [-86.6999748189113, 35.97575848110376], [-86.69997412587085, 35.97576112321825], [-86.69997343277544, 35.9757637590914], [-86.6999727397271, 35.97576640032679], [-86.69997204658364, 35.97576903074982], [-86.69997133803336, 35.975771680163064], [-86.69997065485552, 35.97577431237424], [-86.69996997403528, 35.9757769544176], [-86.69996928987099, 35.97577959744739], [-86.69996860781393, 35.975782234135494], [-86.69996791302032, 35.97578481226173], [-86.69996723944732, 35.97578739298983], [-86.699966572472, 35.975789973767434], [-86.69996589879078, 35.97579255449618], [-86.69996523181459, 35.9757951351859], [-86.69996456596775, 35.97579772131946], [-86.69996389894352, 35.97580029655901], [-86.69996323196797, 35.97580287733665], [-86.69996257158851, 35.97580545798797], [-86.6999619056936, 35.97580803867135], [-86.69996124537496, 35.97581061395984], [-86.69996058509058, 35.97581320542358], [-86.69995993249749, 35.975815786029614], [-86.69995927222594, 35.9758183666803], [-86.69995861855134, 35.97582094729267], [-86.69995796601381, 35.97582353422786], [-86.69995731238706, 35.97582612029031], [-86.69995665979374, 35.97582870089636], [-86.69995600621485, 35.975831292408984], [-86.69995536692348, 35.97583387293762], [-86.69995471324859, 35.975836453549924], [-86.69995406621855, 35.97583903957405], [-86.69995342033012, 35.97584162014107], [-86.69995278005224, 35.97584421148836], [-86.69995213416374, 35.97584679205537], [-86.69995149492001, 35.97584937803417], [-86.69995085460259, 35.975851964898304], [-86.69995021535884, 35.975854550877116], [-86.69994958162971, 35.975857136735904], [-86.69994894909098, 35.97585972267567], [-86.69994830984704, 35.97586230865447], [-86.69994767627395, 35.9758648999628], [-86.69994705033199, 35.975867485864164], [-86.69994641780075, 35.97587007268302], [-86.69994579185797, 35.975872658496534], [-86.6999451648344, 35.97587524440425], [-86.69994453898741, 35.975877841117985], [-86.69994391299728, 35.97588042156927], [-86.69994330605188, 35.97588301544792], [-86.69994267231456, 35.97588560042763], [-86.69994204088076, 35.97588818908616], [-86.69994142836403, 35.975890776667725], [-86.69994080906581, 35.97589336789296], [-86.69994019653355, 35.97589595371637], [-86.6999395772352, 35.97589854494161], [-86.69993896475859, 35.97590113709418], [-86.69993835211727, 35.97590372283037], [-86.69993773952469, 35.97590631410449], [-86.6999371336363, 35.97590890525179], [-86.69993652104286, 35.97591149643801], [-86.69993591516291, 35.97591408855222], [-86.6999353092745, 35.97591667969951], [-86.69993470327785, 35.975919270847385], [-86.69993410517583, 35.975921861949324], [-86.69993349377255, 35.97592445321657], [-86.69993290552725, 35.97592704601944], [-86.699932319662, 35.97592963889634], [-86.69993170812566, 35.9759322273512], [-86.69993110883465, 35.975934818547984], [-86.69993051749316, 35.975937415940145], [-86.69992991149618, 35.97594000708796], [-86.69992932561443, 35.97594259811892], [-86.69992873968022, 35.97594519547961], [-86.69992814817476, 35.9759477865432], [-86.69992756218548, 35.975950377662656], [-86.69992696964567, 35.9759529740947], [-86.69992639145067, 35.97595556604794], [-86.69992580561663, 35.975958162528926], [-86.69992521967362, 35.97596075892267], [-86.69992464147076, 35.9759633499968], [-86.69992406224127, 35.97596594731852], [-86.69992348408468, 35.97596854366691], [-86.69992291139643, 35.97597113462112], [-86.69992232665133, 35.97597373197487], [-86.6999217540109, 35.97597632837914], [-86.69992118256009, 35.975978924776484], [-86.69992060992733, 35.9759815220598], [-86.69992003847638, 35.97598411845713], [-86.69991946583501, 35.97598671477351], [-86.69991890098099, 35.97598931113251], [-86.69991833613464, 35.975991908370524], [-86.69991777019902, 35.97599450473582], [-86.69991720534487, 35.975997101094805], [-86.6999166404984, 35.97599969833282], [-86.699916081267, 35.97600229457121], [-86.69991552296246, 35.97600488552959], [-86.6999149649161, 35.97600749354098], [-86.69991440676607, 35.97601008977308], [-86.69991384742713, 35.976012686099956], [-86.6999132959304, 35.97601528871077], [-86.69991274437723, 35.9760178849045], [-86.69991219282474, 35.97602048118612], [-86.69991164143606, 35.976023083796264], [-86.69991108988272, 35.976025679989974], [-86.69991055830033, 35.97602828424318], [-86.69991001350074, 35.97603088593597], [-86.69990947082384, 35.97603348304505], [-86.69990892266313, 35.97603608379035], [-86.69990836899467, 35.97603868544669], [-86.69990782294114, 35.97604127985022], [-86.69990727586953, 35.97604388146824], [-86.69990674990271, 35.9760464848097], [-86.69990621181574, 35.976049087342496], [-86.69990567361204, 35.97605168890896], [-86.69990514314769, 35.976054285067924], [-86.69990461154863, 35.976056887475124], [-86.69990408004989, 35.976059489002566], [-86.69990354855966, 35.976062091497006], [-86.69990300818513, 35.97606469219699], [-86.69990249328846, 35.97606729995746], [-86.69990197283684, 35.976069903266826], [-86.69990145464774, 35.97607250559598], [-86.6999009364671, 35.97607510889212], [-86.69990039380586, 35.976077707847175], [-86.6998998766981, 35.97608031017007], [-86.69989935854908, 35.97608291707035], [-86.69989884025166, 35.9760855194001], [-86.69989832205539, 35.97608812093813], [-86.6998978049955, 35.97609072871114], [-86.6998972933953, 35.97609333012292], [-86.69989678303266, 35.97609593697785], [-86.69989627814526, 35.97609853922969], [-86.69989575988788, 35.976101146130524], [-86.69989524948492, 35.9761037484144], [-86.69989474452953, 35.97610635523794], [-86.69989424083239, 35.97610895757072], [-86.69989373587609, 35.97611156430635], [-86.69989323211871, 35.976114172089886], [-86.6998927272233, 35.97611677346263], [-86.69989223017016, 35.97611938111929], [-86.69989173300111, 35.976121987897514], [-86.69989123475827, 35.97612459556111], [-86.69989073769652, 35.9761272022508], [-86.69989023940644, 35.97612980455215], [-86.69988974894234, 35.976132411291395], [-86.69988925848598, 35.97613501890968], [-86.69988876802105, 35.97613762556102], [-86.69988827648311, 35.976140233185575], [-86.69988778601888, 35.97614283992483], [-86.69988730226746, 35.97614544750408], [-86.69988681840012, 35.976148054205], [-86.69988633361511, 35.97615066724072], [-86.69988584974695, 35.97615327385366], [-86.69988536599541, 35.97615588143293], [-86.69988489542999, 35.976158488056484], [-86.69988441167837, 35.97616109563579], [-86.69988393456315, 35.97616370765991], [-86.69988345740916, 35.97616631528873], [-86.69988297922012, 35.976168928198184], [-86.69988250865455, 35.97617153482171], [-86.69988203820485, 35.97617414232363], [-86.69988156779453, 35.976176754308725], [-86.6998810972366, 35.97617936181129], [-86.69988062682626, 35.97618197379639], [-86.6998801752102, 35.97618458303499], [-86.69987969916066, 35.976187193294635], [-86.69987922307085, 35.97618979898324], [-86.69987877258339, 35.976192413577735], [-86.69987831547569, 35.97619502557339], [-86.69987785832775, 35.97619763299797], [-86.69987739451412, 35.97620024494468], [-86.69987693730518, 35.97620285773218], [-86.69987648127885, 35.97620546972151], [-86.69987603072771, 35.97620807710776], [-86.6998755736268, 35.97621068989455], [-86.69987512311589, 35.976213301851885], [-86.6998746738015, 35.9762159145934], [-86.69987422328974, 35.97621852646278], [-86.69987377933545, 35.97622113381061], [-86.69987331339881, 35.97622375034102], [-86.69987287067352, 35.976226362165114], [-86.69987245774199, 35.976228832369195], [-86.69987204253083, 35.97623130161949], [-86.69987162192852, 35.97623377274725], [-86.69987120456284, 35.97623624297707], [-86.69987078708824, 35.97623871311962], [-86.69987033980286, 35.9762411754357], [-86.6998699079369, 35.976243644782784], [-86.69986947726136, 35.976246114210866], [-86.69986903879843, 35.9762485835963], [-86.69986860807485, 35.976251047574266], [-86.69986817080151, 35.97625351695279], [-86.69986772563416, 35.97625598646512], [-86.69986728723127, 35.97625845039979], [-86.6998668432535, 35.97626091990516], [-86.69986639803814, 35.97626338396738], [-86.69986596077233, 35.97626585422494], [-86.69986550895995, 35.97626831832544], [-86.69986507381839, 35.976270784175156], [-86.69986461653761, 35.97627325366997], [-86.69986416028333, 35.97627571691724], [-86.69986369851279, 35.97627818010856], [-86.69986323886572, 35.976280638804276], [-86.6998627771516, 35.9762831084127], [-86.6998623154289, 35.97628557705423], [-86.69986185474824, 35.976288041206246], [-86.69986139071499, 35.97629050537777], [-86.69986092668168, 35.97629296954929], [-86.6998604616743, 35.97629543363857], [-86.6998599942969, 35.97629789879656], [-86.69985952697117, 35.976300357536786], [-86.69985905746168, 35.97630282622356], [-86.69985858008675, 35.9763052859892], [-86.6998581005798, 35.97630774928364], [-86.69985761880241, 35.97631021267918], [-86.69985714033743, 35.97631267148415], [-86.69985665424188, 35.97631513578393], [-86.69985617133506, 35.97631759373561], [-86.6998556829761, 35.976320058927584], [-86.69985519892751, 35.976322522336346], [-86.69985471386538, 35.97632498117964], [-86.69985422654064, 35.97632744100309], [-86.69985373265834, 35.9763299053481], [-86.6998532441354, 35.9763323642115], [-86.69985275572064, 35.976334823074296], [-86.69985226627226, 35.976337287393456], [-86.69985177347904, 35.976339752611196], [-86.6998512772466, 35.976342208003025], [-86.69985078547916, 35.97634466688529], [-86.69985027033637, 35.976347124145214], [-86.69984975758828, 35.97634958314944], [-86.6998492591164, 35.976352042158574], [-86.6998487529652, 35.97635450112441], [-86.69984824119037, 35.976356960122956], [-86.69984774501262, 35.97635942175602], [-86.69984722447009, 35.97636187992641], [-86.6998467060278, 35.97636433096391], [-86.69984618214033, 35.97636679003282], [-86.69984565932663, 35.97636924821646], [-86.69984513537119, 35.976371711857055], [-86.69984461355148, 35.97637416010107], [-86.69984408631132, 35.97637661918943], [-86.69984356789203, 35.97637907286407], [-86.69984303740743, 35.97638153197131], [-86.69984251120152, 35.976383985691164], [-86.6998419849878, 35.97638643853202], [-86.69984145104237, 35.97638889765938], [-86.69984092051045, 35.976391351404374], [-86.69984038760705, 35.976393806042275], [-86.69983985816428, 35.97639626066003], [-86.69983932536887, 35.97639871529731], [-86.69983879360778, 35.97640116456604], [-86.69983823411548, 35.97640362111666], [-86.6998376757107, 35.97640606605691], [-86.6998371495833, 35.97640852874306], [-86.69983660239649, 35.97641098258485], [-86.69983605617446, 35.976413435454035], [-86.69983550336389, 35.976415889328486], [-86.69983495066147, 35.97641834320229], [-86.69983439780287, 35.976420791626666], [-86.69983383828713, 35.9764232455401], [-86.69983328563251, 35.97642570486404], [-86.69983272493158, 35.97642814700445], [-86.69983217212082, 35.97643060087891], [-86.6998315926579, 35.97643304945786], [-86.69983103876558, 35.97643550333857], [-86.69983047259696, 35.97643795096112], [-86.6998299064368, 35.97644039955065], [-86.69982933259735, 35.97644284809691], [-86.69982876648432, 35.97644530204865], [-86.69982819252894, 35.976447749716485], [-86.69982761977086, 35.97645019825643], [-86.69978434966347, 35.976628989084], [-86.69968653017885, 35.977032261215456], [-86.69968589149535, 35.97703491294537], [-86.69968525173884, 35.9770375656485], [-86.69968462640463, 35.97704022266333], [-86.69968401443435, 35.977042874325846], [-86.69968338910854, 35.97704553230758], [-86.69968279038633, 35.97704819004686], [-86.69968218505241, 35.97705084615419], [-86.69968158637806, 35.97705350934354], [-86.69968099543544, 35.9770561662464], [-86.69968041676836, 35.97705882931946], [-86.69967983912791, 35.97706148614499], [-86.69967926721387, 35.977064154629225], [-86.69967870292267, 35.977066816739665], [-86.69967813755845, 35.977069479823314], [-86.69967759321358, 35.97707214718033], [-86.69967704893813, 35.97707481014144], [-86.69967651129836, 35.97707747745949], [-86.69967598037223, 35.977080145705486], [-86.69967545716479, 35.97708281847797], [-86.69967493954077, 35.97708548664667], [-86.69967442191673, 35.97708815481539], [-86.69967392759169, 35.977090828211196], [-86.69967342103809, 35.977093500798965], [-86.69967304728043, 35.977095507489665], [-86.69967293109985, 35.97709616880683], [-86.69967244124898, 35.977098846747936], [-86.699671958063, 35.97710152007895], [-86.69967148811904, 35.97710419878352], [-86.69967101822823, 35.977106871246136], [-86.69967055498934, 35.977109549911624], [-86.6996700984549, 35.977112228450345], [-86.6996696550603, 35.97711490075897], [-86.69966921966252, 35.977117584625255], [-86.69966877632277, 35.97712026317511], [-86.69966834747483, 35.97712294164077], [-86.6996679241904, 35.97712562552456], [-86.69966750863608, 35.977128302945935], [-86.6996670931382, 35.977130986784466], [-86.69966669094173, 35.97713367045778], [-86.6996662899279, 35.977136353333016], [-86.6996659065569, 35.97713903777602], [-86.69966551766338, 35.97714172145988], [-86.69966514207127, 35.97714440497859], [-86.69966477431366, 35.977147093902126], [-86.6996644053116, 35.97714977659132], [-86.69966403533536, 35.97715245919826], [-86.6996637019241, 35.977155155130816], [-86.69966334746091, 35.977157843098006], [-86.69966301301284, 35.97716053182801], [-86.69966267845663, 35.977163220558616], [-86.69966235060558, 35.97716590925028], [-86.69966202945967, 35.97716859790296], [-86.69966172155497, 35.97717129184115], [-86.69966141479271, 35.97717398041029], [-86.69966111359399, 35.97717667439743], [-86.69966082007292, 35.97717936825208], [-86.69966052553136, 35.977182056750166], [-86.69966024542138, 35.97718475061473], [-86.6996599774233, 35.97718744432105], [-86.69965970401854, 35.977190138146675], [-86.69965943710183, 35.97719283184673], [-86.69965919138292, 35.97719552551146], [-86.69965893792453, 35.977198224583724], [-86.69965870767851, 35.97720091903762], [-86.69965846421687, 35.97720362341426], [-86.69965823175222, 35.977206311551576], [-86.69965800489818, 35.97720901046918], [-86.69965779233276, 35.977211698490876], [-86.69965757882889, 35.9772144027813], [-86.69965737966075, 35.97721710153807], [-86.6996571804926, 35.977219800294776], [-86.69965698802962, 35.97722249901255], [-86.69965680882173, 35.977225192290774], [-86.69965662971582, 35.97722789717255], [-86.69965645715291, 35.97723059586256], [-86.69965629237583, 35.97723329441944], [-86.69965613311429, 35.97723599294423], [-86.69965598163945, 35.977238691423786], [-86.69965582908306, 35.97724138990965], [-86.69965569767052, 35.97724409451427], [-86.69965556609569, 35.977246792966085], [-86.69965544019097, 35.97724949665954], [-86.69965531542864, 35.97725219498392], [-86.69965520390836, 35.97725489868168], [-86.69965510013456, 35.97725759776315], [-86.69965500191655, 35.97726030138365], [-86.69965490369769, 35.97726300491621], [-86.69965481992354, 35.977265703002416], [-86.69965473500773, 35.97726840654556], [-86.69965466443541, 35.97727110543409], [-86.69965459292993, 35.977273808899305], [-86.69965453569928, 35.97727651219376], [-86.69965447857753, 35.97727921557539], [-86.69965442805207, 35.97728191883085], [-86.69965439079017, 35.97728461761373], [-86.69965435356698, 35.97728732079185], [-86.69965432413117, 35.97729002401264], [-86.69965430021013, 35.97729272711347], [-86.69965428300284, 35.97729543114229], [-86.69965427346634, 35.97729813424742], [-86.69965425841347, 35.97730083729671], [-86.69965427331853, 35.977303540259825], [-86.69965428379717, 35.97730624412774], [-86.69965430097255, 35.97730894698976], [-86.69965431252494, 35.97731164997233], [-86.699654355068, 35.977314347324445], [-86.69965439214269, 35.977317050070816], [-86.69965442922582, 35.97731975378413], [-86.6996544873902, 35.97732245649586], [-86.69965453776712, 35.977325159164934], [-86.6996545959315, 35.97732786187668], [-86.69965466632434, 35.977330565396436], [-86.69965473768207, 35.97733326794359], [-86.69965482245097, 35.977335970500704], [-86.69965490717192, 35.97733866760768], [-86.69965500524229, 35.977341369999614], [-86.69965510332116, 35.97734407335846], [-86.69965520809751, 35.977346775799326], [-86.69965532606724, 35.977349478075574], [-86.69965544517939, 35.977352174982705], [-86.69965556986284, 35.977354878187036], [-86.69965570232522, 35.977357580466986], [-86.69965584030236, 35.977360282627], [-86.69965598591094, 35.977362979380146], [-86.6996561449299, 35.977365676055406], [-86.69965629729941, 35.97736837909876], [-86.69965646307153, 35.97737108118517], [-86.69965663539278, 35.977373777783114], [-86.69965681431111, 35.97737647434268], [-86.69965699998184, 35.97737917622553], [-86.69965718663973, 35.97738186737767], [-86.69965738562124, 35.97738457015018], [-86.69965759233375, 35.977387266548256], [-86.69965779790382, 35.977389968315464], [-86.69965801791865, 35.977392664636234], [-86.69965823782532, 35.97739536095762], [-86.69965847114241, 35.97739805720114], [-86.69965870554951, 35.977400754405245], [-86.69965895108746, 35.977403450577704], [-86.69965919755079, 35.977406141294374], [-86.6996594519569, 35.97740883741529], [-86.69965971847569, 35.97741153346582], [-86.69965998505543, 35.97741422415349], [-86.69966025373724, 35.97741692019145], [-86.69966054021559, 35.977419610675604], [-86.69966082674189, 35.977422306609874], [-86.69966112100781, 35.97742499713662], [-86.6996614219256, 35.977427693866375], [-86.69966172274064, 35.9774303789047], [-86.69966204361108, 35.97743306927685], [-86.69966237215931, 35.977435759516496], [-86.69966269302981, 35.97743844988866], [-86.69966302720184, 35.97744114009563], [-86.69966336245612, 35.97744383038424], [-86.69966370977514, 35.977446515152266], [-86.69966406503697, 35.977449205324575], [-86.69966442025087, 35.97745189004678], [-86.69966478870604, 35.97745458005452], [-86.6996651572223, 35.97745726469942], [-86.69966553893265, 35.97745994926764], [-86.69966592075119, 35.97746263383522], [-86.69966630916682, 35.977465318364466], [-86.699666710877, 35.97746800193736], [-86.69966711367645, 35.977470686382986], [-86.69966751545464, 35.977473365384114], [-86.69966794485869, 35.97747604967521], [-86.69966835983182, 35.9774787286876], [-86.69966878934406, 35.977481412978015], [-86.6996692253583, 35.977484086417704], [-86.69966966796964, 35.977486759819115], [-86.69967011738129, 35.97748944399384], [-86.69967057344253, 35.97749212180048], [-86.6996710361094, 35.97749480053573], [-86.69967150635894, 35.977497468326085], [-86.69967197577824, 35.97750015238457], [-86.69967245953413, 35.977502830997246], [-86.69967294870206, 35.97750549779857], [-86.6996734324101, 35.977508170961094], [-86.69967394272274, 35.97751084396902], [-86.69967444524869, 35.97751351702222], [-86.69967496210276, 35.977516183662644], [-86.69967547912071, 35.9775188566316], [-86.69967600376935, 35.977521524105825], [-86.69967652732952, 35.97752419079516], [-86.69967707750126, 35.97752685812103], [-86.69967762205012, 35.97752952556751], [-86.69967817221419, 35.97753219201433], [-86.69967873012556, 35.977534853932745], [-86.69967929354407, 35.97753751485208], [-86.69967986480579, 35.977540182143315], [-86.69968042931431, 35.97754284402339], [-86.69968102052795, 35.97754550486916], [-86.69968161159319, 35.977548161144476], [-86.69968220940396, 35.97755082195191], [-86.69968280717455, 35.977553478188256], [-86.69968341936915, 35.977556138912064], [-86.69968403044207, 35.97755879507112], [-86.69968465480959, 35.9775614502738], [-86.69968528021926, 35.977564100986974], [-86.69968591897143, 35.97756675619392], [-86.69968655768267, 35.97756940674196], [-86.69968720205864, 35.97757206191624], [-86.69968785406449, 35.977574711507884], [-86.69968851933406, 35.9775773566269], [-86.69968917804526, 35.977580006179565], [-86.699689851141, 35.977582655736555], [-86.69969052971223, 35.97758530069036], [-86.69969121498171, 35.9775879448141], [-86.69969190792906, 35.97759058880529], [-86.6996926065002, 35.97759323276378], [-86.69969329951633, 35.97759587227119], [-86.69969401917653, 35.97759851610713], [-86.69969473208444, 35.977601154619784], [-86.69969545829385, 35.97760379296724], [-86.69969618445617, 35.977606425952445], [-86.6996969239765, 35.97760906518959], [-86.69969766344126, 35.97761169809748], [-86.69969840961124, 35.97761433096643], [-86.69969916346058, 35.97761696387866], [-86.69969992293298, 35.97761959667028], [-86.69970069014421, 35.97762222396655], [-86.69970146281081, 35.97762485668149], [-86.69970223661997, 35.97762748402728], [-86.69970303038879, 35.9776301058067], [-86.69970382420554, 35.97763273303619], [-86.69970462457148, 35.97763535477725], [-86.69970542493752, 35.97763797651826], [-86.69970623860591, 35.977640598182], [-86.6997070522666, 35.977643218966676], [-86.69970788031887, 35.97764584054679], [-86.69970870724177, 35.9776484566831], [-86.69970954195222, 35.977651072862], [-86.69971038228645, 35.97765368900826], [-86.69971123683989, 35.9776562986544], [-86.69971209140195, 35.97765890926752], [-86.69971295267005, 35.97766151992961], [-86.69971382064267, 35.97766413046479], [-86.69971468849867, 35.97766674003366], [-86.69971556972654, 35.97766934512926], [-86.69971645754303, 35.977671949219584], [-86.69971734644959, 35.97767455427059], [-86.69971824757623, 35.97767715916267], [-86.69971914983765, 35.97767975780658], [-86.69972006421955, 35.97768235725904], [-86.6997209796753, 35.97768495582625], [-86.69972190179608, 35.977687549783354], [-86.69972283055422, 35.9776901482732], [-86.69972377268344, 35.977692742201945], [-86.699724714601, 35.977695324351984], [-86.6997256567698, 35.97769792276392], [-86.69972661204544, 35.97770051116583], [-86.69972757401784, 35.977703098561804], [-86.69972854151445, 35.97770568689267], [-86.69972951230027, 35.9777082679958], [-86.6997304953233, 35.97771085087397], [-86.69973053618901, 35.977710959644575], [-86.6997314783378, 35.97771343278509], [-86.69973247346505, 35.97771601462586], [-86.69973346973488, 35.97771859109747], [-86.69973447260186, 35.97772116753075], [-86.69973548217334, 35.977723743837096], [-86.69973649830331, 35.97772631570987], [-86.69973752117802, 35.977728892026846], [-86.6997385517436, 35.97773145739827], [-86.69973958787277, 35.977734028187804], [-86.69974062503641, 35.977736593608796], [-86.69974167441315, 35.97773915807964], [-86.69974272487843, 35.97774172333541], [-86.69977711976463, 35.97774387950966], [-86.69996362124378, 35.978122478760135], [-86.69996451537321, 35.97812428696472], [-86.69996541728945, 35.97812609512404], [-86.69996632466643, 35.97812789700996], [-86.69996724633916, 35.978129688791086], [-86.69996816820827, 35.978131490592766], [-86.6999691032314, 35.97813328774667], [-86.69997004490418, 35.97813507853242], [-86.69997099442018, 35.97813687568994], [-86.69997194930026, 35.97813865558598], [-86.69997291082545, 35.978140440893775], [-86.69997388008954, 35.97814222070617], [-86.69997486277265, 35.97814400140754], [-86.69997584421048, 35.97814577578667], [-86.69997684003225, 35.97814755008218], [-86.6999778425114, 35.97814931888856], [-86.69997885158845, 35.97815108774443], [-86.69997986840356, 35.978152851017036], [-86.69998089073515, 35.97815461434547], [-86.69998191972483, 35.97815637227268], [-86.69998296319811, 35.97815812914869], [-86.69998400652379, 35.97815988154214], [-86.6999850620697, 35.97816163377662], [-86.69998612523929, 35.9781633797252], [-86.69998718847765, 35.97816512118997], [-86.6999882650107, 35.97816686169832], [-86.69998934819586, 35.97816860840956], [-86.69999043901777, 35.97817033802195], [-86.69999153536233, 35.97817206839341], [-86.69999264619194, 35.9781737978894], [-86.69999375578402, 35.97817552194222], [-86.69999487317068, 35.97817724682883], [-86.69999600385201, 35.97817897075898], [-86.69999714114356, 35.9781806838378], [-86.69999827719828, 35.97818239156133], [-86.69999942887375, 35.97818410455651], [-86.70000058612513, 35.97818581206888], [-86.70000174981833, 35.9781875141813], [-86.70000292140647, 35.97818921624781], [-86.70000409834645, 35.97819091195367], [-86.70000528314198, 35.978192603130445], [-86.70000648123992, 35.978194294229844], [-86.70000767809259, 35.978195979007005], [-86.70000888273982, 35.97819766461793], [-86.70001010063454, 35.97819934391024], [-86.70001132188197, 35.978201023183026], [-86.7000113802629, 35.97820110662163], [-86.70001255071986, 35.978202692389985], [-86.70001378186997, 35.97820436624268], [-86.7000150263425, 35.9782060299962], [-86.70001627837776, 35.97820769282665], [-86.70001753047406, 35.97820935029428], [-86.70001880149579, 35.97821100756386], [-86.70002006684668, 35.97821265950394], [-86.70002134545277, 35.978214306004446], [-86.70002263065527, 35.978215952378704], [-86.70002392251594, 35.97821759335176], [-86.70002522215566, 35.97821923340041], [-86.70002652731881, 35.978220874296085], [-86.700027838936, 35.9782224988909], [-86.70002915844125, 35.97822412264861], [-86.70003048444242, 35.97822574715975], [-86.70003181612073, 35.978227365396336], [-86.70003316203457, 35.97822897897874], [-86.70003450794071, 35.97823059168217], [-86.70003586050501, 35.97823219898433], [-86.70003721977463, 35.97823380624748], [-86.70003858554553, 35.97823540257198], [-86.70003996570115, 35.97823699890082], [-86.7000413447753, 35.97823859523585], [-86.70004273143223, 35.97824018062602], [-86.70004412371374, 35.978241766071356], [-86.70004435889922, 35.97824203054307], [-86.70004553043944, 35.9782433459823], [-86.70004630214112, 35.97824422024149], [-86.7000470738514, 35.97824509546768], [-86.70004785215028, 35.978245969688444], [-86.70004861617342, 35.97824684399229], [-86.70004938117846, 35.978247719257396], [-86.70005014633111, 35.97824859900502], [-86.70005091138333, 35.97824947963236], [-86.70005166874924, 35.97825035942527], [-86.70005242719587, 35.978251239123956], [-86.700053185699, 35.97825212523978], [-86.70005393635968, 35.97825300507165], [-86.70005469486208, 35.97825389109953], [-86.70005543898138, 35.97825477729889], [-86.70005619081876, 35.97825566793682], [-86.70005693493732, 35.978256554048336], [-86.70005768017758, 35.978257444724605], [-86.70005842434415, 35.9782583362862], [-86.70005916288694, 35.97825922788052], [-86.70005990040146, 35.97826011323924], [-86.70006063795795, 35.97826101565214], [-86.70006137650074, 35.97826190724643], [-86.70006210741215, 35.97826280424755], [-86.7000628383638, 35.978263705819785], [-86.70006355586551, 35.978264602986826], [-86.70006428785925, 35.978265500069575], [-86.7000650121134, 35.978266402559804], [-86.70006573647575, 35.9782673050494], [-86.70006645401692, 35.9782682066996], [-86.70006717167402, 35.97826910922812], [-86.7000678893783, 35.97827001711896], [-86.7000686003781, 35.97827092513664], [-86.70006931132998, 35.97827182770421], [-86.7000700223298, 35.97827273572188], [-86.70007073337685, 35.978273649101794], [-86.70007143777958, 35.978274557157825], [-86.7000721355243, 35.97827547061505], [-86.70007283997427, 35.97827638403331], [-86.70007353771896, 35.97827729749054], [-86.70007423438221, 35.978278210954066], [-86.70007493212694, 35.97827912441128], [-86.70007562321437, 35.97828004335754], [-86.70007631441, 35.97828096230327], [-86.70007700441519, 35.97828188116799], [-86.7000776889133, 35.97828280103169], [-86.70007837232218, 35.97828372002265], [-86.70007905026263, 35.97828464440791], [-86.70007973480024, 35.978285568754764], [-86.70008041155108, 35.97828649314692], [-86.70008108950009, 35.97828741849912], [-86.70008175965383, 35.9782883429296], [-86.7000824297474, 35.97828927281088], [-86.70008310098271, 35.978290197235076], [-86.700083764595, 35.97829112803311], [-86.70008443583036, 35.97829205245731], [-86.70008509277694, 35.97829298777746], [-86.70008575632914, 35.97829392402624], [-86.7000864132278, 35.97829485389627], [-86.7000870700748, 35.97829579018401], [-86.70008772810289, 35.97829672549791], [-86.70008837845243, 35.97829766085641], [-86.70008902870232, 35.978298597182516], [-86.7000896789917, 35.97829953799178], [-86.7000903226437, 35.978300474268366], [-86.70009096633595, 35.97830141511601], [-86.7000916033307, 35.978302356881585], [-86.70009225361937, 35.97830329760299], [-86.70009288401701, 35.97830423940697], [-86.700093521052, 35.978305185743665], [-86.70009415149686, 35.978306132909886], [-86.70009478188682, 35.97830707383483], [-86.70009541119005, 35.97830802645808], [-86.70009603492967, 35.97830897366325], [-86.70009665866233, 35.97830992007731], [-86.7000972825581, 35.97831087273199], [-86.7000978984638, 35.97831181462024], [-86.7000985156938, 35.97831277179709], [-86.70009912509752, 35.97831372453604], [-86.70009974888521, 35.978314677191335], [-86.7001003594177, 35.97831563528619], [-86.70010096881379, 35.97831658714606], [-86.70010157274994, 35.97831754536717], [-86.70010217549564, 35.97831850350733], [-86.70010277943184, 35.978319461728454], [-86.70010338217762, 35.978320419868545], [-86.7001039783193, 35.97832137725588], [-86.70010457554946, 35.97832233542809], [-86.7001051650888, 35.978323304545796], [-86.70010575464038, 35.97832426276266], [-86.70010634521329, 35.978325226423934], [-86.70010693486077, 35.978326195541015], [-86.70010752435223, 35.97832715920861], [-86.70007372045777, 35.978324520231375], [-86.69858342348347, 35.97820815261292], [-86.69839145829731, 35.97819316178552], [-86.69833915683762, 35.978189077566746], [-86.69833802725049, 35.97818898952738], [-86.69721579711229, 35.97810135193239], [-86.69721573163491, 35.97810134694904], [-86.69721771286822, 35.97821264380338], [-86.69722373581605, 35.97855101869489], [-86.69722353975055, 35.9785510333683], [-86.6963848325706, 35.97861182828709], [-86.6961491794387, 35.97862890521402], [-86.69589872432886, 35.9786470550717], [-86.69589872243786, 35.97864697490899], [-86.69589201659963, 35.97839923359478], [-86.69588087646535, 35.977987741970644], [-86.69472023782546, 35.97792616062664], [-86.69464734146845, 35.97792229552232], [-86.69460198557657, 35.97742373783507], [-86.69460198067884, 35.97742368476579], [-86.69460187140109, 35.97742247848342], [-86.6936164762047, 35.977293884772195], [-86.69351296189066, 35.97728037567056], [-86.69324014867112, 35.977244772444074], [-86.69323369462099, 35.97727626062997], [-86.69321735946795, 35.97735598305217], [-86.6932153194898, 35.97736593888239], [-86.69321135208995, 35.977385300986185], [-86.69287603114427, 35.97731328090812], [-86.69239357652046, 35.97720965826738], [-86.69203139215398, 35.97708925158035], [-86.69193101328375, 35.97705588090702], [-86.69166101561493, 35.97688659821826], [-86.6916553495157, 35.9768830462482], [-86.69165295924931, 35.97688219116721], [-86.69109105769243, 35.976681093955015], [-86.6910421329325, 35.976663583946404], [-86.69094570065607, 35.97669650591417], [-86.69092172964748, 35.976704688443895], [-86.69036406729352, 35.97663687985612], [-86.69031518167492, 35.97646798367767], [-86.68974676200811, 35.97640600501355], [-86.68962741619112, 35.976392991525174], [-86.68884403119966, 35.976317408688544], [-86.68867287685708, 35.97630089435859], [-86.68865328382356, 35.97629900375377], [-86.68780386457944, 35.97628213680899], [-86.68776437850924, 35.97628135290257], [-86.68772715138931, 35.976825822133364], [-86.68772704115769, 35.9768273080854], [-86.68768594755956, 35.97737915762797], [-86.68766914626477, 35.97751308449415], [-86.68766891598851, 35.977514921715375], [-86.68760503617719, 35.97802426157067], [-86.68760487139559, 35.978025855962656], [-86.68759094694468, 35.97816538599543], [-86.6875541704926, 35.97853387118475], [-86.68752320446265, 35.97884414040486], [-86.68751753854107, 35.978900907107565], [-86.68750125987431, 35.97912744700287], [-86.68748052583864, 35.97941598502781], [-86.68745861857496, 35.97972084154094], [-86.68741000302683, 35.98039738373412], [-86.6873926718215, 35.98053402374943], [-86.68734162317915, 35.98123788098304], [-86.687315203284, 35.981415242293814], [-86.68724431513158, 35.981875156180784], [-86.68722485749329, 35.98200139994065], [-86.6870281837754, 35.98327738280832], [-86.68701097749313, 35.983463811665324], [-86.6868468082705, 35.985242455450816], [-86.68683067313202, 35.98540817521679], [-86.68681711916835, 35.98554737561416], [-86.68680582246915, 35.98566339070479], [-86.6868007148985, 35.98571583862228], [-86.68679628790649, 35.985761310200395], [-86.68675664726582, 35.98616842800833], [-86.68674060959053, 35.98633313955256], [-86.68671647051036, 35.98657399678043], [-86.68670909358859, 35.98664760399549], [-86.68670281630463, 35.986710239720374], [-86.68669466234482, 35.986791596191665], [-86.68664811422529, 35.987256052586936], [-86.68665734319869, 35.98728803128405], [-86.68668752935598, 35.98739263541239], [-86.68680774435077, 35.98780921358762], [-86.68681114881788, 35.98782101201969], [-86.68683214742383, 35.9878937823227], [-86.68694846559431, 35.98829685398054], [-86.68695178655145, 35.98830835909057], [-86.68695221640395, 35.988309848286576], [-86.68706307450451, 35.988693994855], [-86.68707636357135, 35.98874004214889], [-86.68709814450528, 35.98881551633342], [-86.68721814552012, 35.989231343503775], [-86.68734908752995, 35.98968507362421], [-86.6873699344183, 35.989758135744246], [-86.68747601725234, 35.990129908057966], [-86.68750172374263, 35.99022000044533], [-86.68763681305724, 35.99069342238955], [-86.68775498856557, 35.99110757127647], [-86.68785509558874, 35.99145838865621], [-86.68796215852869, 35.99183358154311], [-86.68805276517466, 35.99209520989063], [-86.68809706079367, 35.99222309647484], [-86.68843277626578, 35.99228794437], [-86.68851161811175, 35.99234091188247], [-86.68874541556312, 35.992497988449855], [-86.68904587458704, 35.99269984821052], [-86.68938896446981, 35.99293034266149], [-86.68945455338687, 35.99297440670649], [-86.6897809387036, 35.993193674436036], [-86.69039190680634, 35.99360412265847], [-86.69074098522754, 35.9938386357696], [-86.69070488431899, 35.99406722689039], [-86.69064305509302, 35.9944587224016], [-86.6906424884777, 35.994462311914795], [-86.69054050926987, 35.99510803196823], [-86.69056660808326, 35.995098751257004], [-86.69061553745546, 35.99507857449986], [-86.69063884845254, 35.99506897631938], [-86.69063890803685, 35.9950689489016], [-86.69088552722293, 35.99491708657763], [-86.69092252753218, 35.99488409588627], [-86.6909487626037, 35.99486102712826], [-86.69096036493907, 35.99485082452069], [-86.69096254084877, 35.9948491464173], [-86.69100199139227, 35.99481872916752], [-86.69104269335992, 35.9947910573425], [-86.69104742135059, 35.994787843233496], [-86.69107998354457, 35.99476819737434], [-86.69109664693515, 35.99475814416669], [-86.69114967706064, 35.994729637273856], [-86.69120650301764, 35.994702328841385], [-86.69126712560899, 35.99467621182676], [-86.6913315451728, 35.99465128789251], [-86.69139770238422, 35.99462864513007], [-86.69146353621339, 35.994609361447594], [-86.69148995239564, 35.994602945788614], [-86.69152904096214, 35.994593452350436], [-86.6915942234826, 35.99458090865731], [-86.69165907695373, 35.99457172873777], [-86.69172360809748, 35.99456591334491], [-86.69178781128944, 35.99456346163257], [-86.69182184605879, 35.99456395111098], [-86.69185169114384, 35.994564380783395], [-86.6919145156787, 35.994567644001975], [-86.69195027812204, 35.99457028125418], [-86.6919755331801, 35.99457215770875], [-86.69197740798593, 35.994572342534745], [-86.69203475759022, 35.994577982308016], [-86.69208676596729, 35.99458441975872], [-86.69209219311871, 35.99458509158128], [-86.69209716845428, 35.99458584265719], [-86.6921190986164, 35.99458915238796], [-86.69214784316857, 35.99459349096192], [-86.69219540817534, 35.99460205300381], [-86.692201677786, 35.9946031815036], [-86.69220743354393, 35.99460439576727], [-86.69225372584653, 35.99461416207586], [-86.69230366479574, 35.99462634899943], [-86.69230383044365, 35.994626389540414], [-86.6923039838834, 35.99462643190975], [-86.6923525955436, 35.99464017575844], [-86.69239955099611, 35.9946555316102], [-86.69239970227461, 35.994655586650836], [-86.69240663233747, 35.99465817143007], [-86.69244533620362, 35.99467265174508], [-86.69248945756831, 35.99469140107281], [-86.6925032821932, 35.99469799574812], [-86.69253210465666, 35.99471178395541], [-86.6925732480987, 35.9947338437269], [-86.69261289884281, 35.994757570392075], [-86.69265020431406, 35.9947823768741], [-86.69265105660288, 35.99478294338331], [-86.69265266954245, 35.994784124751426], [-86.69268750129582, 35.994809633955846], [-86.69272202076542, 35.99483724237683], [-86.6927546142317, 35.99486579098142], [-86.69278369878313, 35.99489374606687], [-86.69278527591334, 35.994895261958696], [-86.69278677588875, 35.99489684958882], [-86.69280612842306, 35.99491732391629], [-86.69281401142794, 35.994925666969834], [-86.69284081521003, 35.994957000597815], [-86.6928657073783, 35.99498926272813], [-86.69288716269928, 35.995020289192766], [-86.69288865992313, 35.995022454490076], [-86.69289058661798, 35.99502552673921], [-86.69291029082916, 35.99505694444962], [-86.69293121390179, 35.995093080713296], [-86.69295142838467, 35.995130875768965], [-86.69296594191485, 35.99516025482856], [-86.6929709186867, 35.99517032803633], [-86.69297614001019, 35.995181749861274], [-86.69298970802446, 35.9952114327229], [-86.69300777634017, 35.995254184669875], [-86.69302513167136, 35.99529860000656], [-86.69303808207246, 35.99533442073375], [-86.69304178701263, 35.99534466784556], [-86.69305744636169, 35.995391987968894], [-86.69307186065727, 35.9954401344826], [-86.69308501235258, 35.99548911750983], [-86.69309089103224, 35.99551371254837], [-86.69309688861408, 35.99553885492942], [-86.69309690930396, 35.995538945005386], [-86.69310757126462, 35.99558959980153], [-86.69311696506382, 35.995641099143974], [-86.69312111842655, 35.9956677924855], [-86.69312510848674, 35.99569343589775], [-86.69313200260369, 35.99574660900208], [-86.69313659991195, 35.99577970345869], [-86.69313931600475, 35.995799419087994], [-86.69314882535312, 35.99585067899893], [-86.69316046098379, 35.99590041339835], [-86.69316061175739, 35.995900919064475], [-86.69317424764654, 35.995948557178394], [-86.69318816819636, 35.995989272634226], [-86.69319018491329, 35.995995172580535], [-86.69319245579796, 35.99600083054382], [-86.69320827146234, 35.996040231744395], [-86.69322685369538, 35.996080188516764], [-86.69322850847988, 35.99608374635419], [-86.69323155282733, 35.99608945111562], [-86.69325089579571, 35.99612570902545], [-86.69327424091014, 35.9961667108674], [-86.6933093156055, 35.99622840849601], [-86.69586426840551, 35.99778566284519], [-86.69628600828796, 35.998042705018804], [-86.69672088228931, 35.9983077472883], [-86.69718929621261, 35.998593228095444], [-86.69733052880296, 35.99867930294434], [-86.69748073400231, 35.99877084610902], [-86.69825106000796, 35.99924031930217], [-86.69912720238234, 35.99977426786623], [-86.69981389756677, 36.00019275323665], [-86.70065980184668, 36.00070825094024], [-86.70145619830741, 36.001193567132866], [-86.70217867793704, 36.0016338285206], [-86.7021992177204, 36.00164634415429], [-86.70311961458479, 36.002207192521816], [-86.70318952519563, 36.00224979524252], [-86.70332107955703, 36.002329959326694], [-86.70364809363637, 36.00252922836448], [-86.70439241155468, 36.00298276746779], [-86.70483070649688, 36.003249837862874], [-86.70483076784039, 36.003249874513656], [-86.7064329090175, 36.00422606722021], [-86.70932994183418, 36.00599113567677], [-86.709467864737, 36.0060751654027], [-86.71000210901823, 36.00640065176432], [-86.71137232427903, 36.007169020887574], [-86.71162896867382, 36.007312931268544], [-86.71256810126981, 36.00783952142719], [-86.71291899624488, 36.008036276164056], [-86.71330416246131, 36.008081809780485], [-86.71432612980558, 36.00820262019554], [-86.71660023555124, 36.008471418989856], [-86.71666308973715, 36.00847884847892], [-86.71743751325496, 36.008570373624785], [-86.71798903155832, 36.008635551846766], [-86.71867822958312, 36.00871699844847], [-86.72003238130098, 36.00887701168058], [-86.7202335120511, 36.00890077790439], [-86.72145234519864, 36.00904478584064], [-86.72205956248582, 36.0091165238791], [-86.7223932443931, 36.00915594600396], [-86.72304167952676, 36.00923255217364], [-86.72368276762987, 36.00930828245776], [-86.7240019968486, 36.009345993351545], [-86.72458836899274, 36.00941525634576], [-86.72568536582214, 36.009524945189504], [-86.72571567536544, 36.00952797575522], [-86.72617590918112, 36.009573992043485], [-86.72657101058837, 36.009613493754415], [-86.72663788222475, 36.00962017902342], [-86.72736489431891, 36.009692863054624], [-86.72767202336125, 36.0097235665818], [-86.72798695494185, 36.009755051419646], [-86.72847103686576, 36.0098034429151], [-86.72860636399787, 36.00981697042725], [-86.72860653160363, 36.00981698295144], [-86.72884680927731, 36.00983951193712], [-86.72987008323396, 36.0099354502911], [-86.73049397206398, 36.009993940919486], [-86.73148371410771, 36.01008672240358], [-86.73149516545293, 36.010087795683546], [-86.73174490766587, 36.01011120697292], [-86.73239586896949, 36.010171143820344], [-86.73548148315653, 36.01181755488009], [-86.73843252296003, 36.01339202137915], [-86.73854691621288, 36.01345305194903], [-86.73921517588762, 36.01380956741644], [-86.73968836142498, 36.01406200814566], [-86.74021709168828, 36.01434407479966], [-86.74034849243525, 36.01441417521633], [-86.74166449333913, 36.01509082154599], [-86.7428312924714, 36.015690734009475], [-86.74331365515039, 36.01593873440812], [-86.7436668975162, 36.016120350810944], [-86.74380160024805, 36.016189605133334], [-86.74452856578273, 36.0165390265821], [-86.74453860121281, 36.01654384959051], [-86.74501407560814, 36.01677238625324], [-86.74546365215836, 36.01698847203655], [-86.74619679412102, 36.017340844778914], [-86.74634276572625, 36.01741100252107], [-86.74724078664357, 36.01790211186617], [-86.74760223673215, 36.01809977751488], [-86.74802013637577, 36.01832831257028], [-86.74877486232135, 36.01874103720148], [-86.74995477565876, 36.01938625987201], [-86.75006608698418, 36.01944450372748], [-86.75108650469572, 36.01997842271034], [-86.75136837054426, 36.02012590214633], [-86.7522832989156, 36.02060460905696], [-86.75230886892224, 36.02061798776342], [-86.75306387627364, 36.02101301028193], [-86.75362015556756, 36.02130405014404], [-86.75476508751927, 36.02190306106036], [-86.75566892688691, 36.022378527506], [-86.75584009552169, 36.02246857055228], [-86.756604259103, 36.022870551686395], [-86.7574434360329, 36.02331198398816], [-86.75749822838492, 36.02334080549822], [-86.75786282508578, 36.02353259015563], [-86.7578701613341, 36.02353644840812], [-86.75826588566301, 36.02374460367562], [-86.75902167249357, 36.02414215002961], [-86.7595658358996, 36.02442837631491], [-86.76031570656762, 36.02482279636817], [-86.76045810179225, 36.02489769239525], [-86.76142766712753, 36.02540765402551], [-86.76159509075941, 36.02549571177008], [-86.76160051262569, 36.02549856346889], [-86.76196251290925, 36.025688959593964], [-86.76251215520615, 36.025978042828], [-86.76267370649222, 36.02606300957509], [-86.76338641324286, 36.02643784795295], [-86.76357181460708, 36.026535355329855], [-86.76411411169337, 36.02679308560668], [-86.76419516984615, 36.026831608557245], [-86.76434392411136, 36.02690230463729], [-86.76439871811473, 36.02692834612909], [-86.76532565976035, 36.02740543499728], [-86.76571342929596, 36.02760501351], [-86.76604744185317, 36.027776921978514], [-86.76617950986194, 36.02784489455597], [-86.76664297269693, 36.028083425054426], [-86.76724766202679, 36.028394633751105], [-86.76723271603153, 36.02852385170113], [-86.76903023820358, 36.02949029345301], [-86.76977632105486, 36.029926250526024], [-86.770552312274, 36.030379674437484], [-86.77129821655194, 36.03081550782259], [-86.77183570564138, 36.03112955906771], [-86.77455066282472, 36.032481602721774], [-86.77651181414929, 36.03309028884197], [-86.77685050815626, 36.03319540600158], [-86.7770842283049, 36.033267942341794], [-86.77777084866648, 36.03348107114292], [-86.7779098463087, 36.03352401564143], [-86.77800833594823, 36.03355444482386], [-86.77946858847857, 36.03400558948248], [-86.78055418922283, 36.03434408344008], [-86.78125469673633, 36.03456249765818], [-86.78141840076756, 36.034609540204904], [-86.7826961848236, 36.034976724888146], [-86.7827763823365, 36.03499977105454], [-86.78318163291713, 36.03511621905343], [-86.78318174200412, 36.035116250782885], [-86.78365844165886, 36.035253227585294], [-86.78508006501342, 36.035661710679705], [-86.7851542857198, 36.03568303576281], [-86.78580732254183, 36.03589237199789], [-86.78580762873177, 36.03589247004172], [-86.78593927377965, 36.035934669197786], [-86.78595546880389, 36.03593986044421], [-86.78634142016797, 36.03606357822917], [-86.78691070000866, 36.0362460583406], [-86.7869402905947, 36.036255543191814], [-86.78713542730009, 36.03631809228483], [-86.78714920898192, 36.03632251050304], [-86.78817508058196, 36.03644104800317], [-86.78850748887163, 36.03647945596378], [-86.78892938036725, 36.03652820084421], [-86.78944321077667, 36.03658948928143], [-86.7907432633968, 36.036744544982675], [-86.7907866751229, 36.036749721974836], [-86.79099700825198, 36.03677093601538], [-86.79397080487497, 36.03707083390612], [-86.79426757813198, 36.03710075875953], [-86.79483534768013, 36.03715800664653], [-86.79511815856648, 36.037186520898395], [-86.79662550992416, 36.03733848859563], [-86.79667110271555, 36.03734308476249], [-86.79750964686335, 36.037427616219325], [-86.79767873404936, 36.03744466088442], [-86.7976985412392, 36.03744665777919], [-86.80010307974311, 36.037689015982075], [-86.80054143177178, 36.03773319283515], [-86.80084722108477, 36.037764009580414], [-86.80092775356266, 36.03777212502762], [-86.80115446584065, 36.03779497182526], [-86.80115862148986, 36.037795390334765], [-86.80161797173267, 36.03784167967895], [-86.80296473316342, 36.03797738469724], [-86.80457536355541, 36.03813965706441], [-86.8045598537454, 36.038260872769634], [-86.80499463378665, 36.0382924508442], [-86.80615853724692, 36.03837697438799], [-86.80663760793225, 36.03841176166663], [-86.8066384654257, 36.03840419229527], [-86.8066392588071, 36.038397184742095], [-86.80694728976316, 36.03842170520348], [-86.8074951047456, 36.03846531217722], [-86.80805453175294, 36.038509839993566], [-86.80855820624673, 36.03854992735842], [-86.80956886632734, 36.038630358361694], [-86.80988735233525, 36.0386557024093], [-86.8110897875592, 36.03878285731874], [-86.81176520372757, 36.038854275152964], [-86.81329197796306, 36.03901570006185], [-86.81372043108303, 36.039060996406235], [-86.81634957976354, 36.039338913446194], [-86.81658436928032, 36.039363729754754], [-86.81875937696645, 36.039593593505884], [-86.81944771912315, 36.03966693901572], [-86.81959559450884, 36.039682693932214], [-86.81979204900593, 36.039703628690425], [-86.82012061347835, 36.03973863370607], [-86.82099575550097, 36.03983187044803], [-86.82174424062424, 36.0399116106268], [-86.82200716317439, 36.039939618802556], [-86.82245854052371, 36.03998770295768], [-86.8226889743095, 36.04001224957204], [-86.82301342965022, 36.04004681157464], [-86.82317936647536, 36.04006448729307], [-86.82334308134165, 36.040081925665554], [-86.823503203397, 36.04009898187654], [-86.8245016194227, 36.04020532625195], [-86.8247119594858, 36.04023149462322], [-86.82491675806335, 36.040256971355475], [-86.82588875678407, 36.04037790409921], [-86.82620522051754, 36.04041727479168], [-86.82652404467287, 36.040456938433046], [-86.82710703359201, 36.04052946585212], [-86.8276376769418, 36.040583170353514], [-86.82911353147597, 36.04073252232731], [-86.82911301855563, 36.040735908436474], [-86.8291120820342, 36.040742080761504], [-86.82987354467922, 36.0408169898741], [-86.8301090826946, 36.04084016053265], [-86.83033113795103, 36.04086200310901], [-86.83141541853067, 36.04096865858519], [-86.83149316945313, 36.040976304100774], [-86.8316498299182, 36.040991714981466], [-86.83185857624996, 36.04101224690624], [-86.83255689370768, 36.04108093422145], [-86.8329609530396, 36.041128063166276], [-86.833601658114, 36.041202783909654], [-86.83452248360031, 36.04131032489784], [-86.83547127716002, 36.04142836239811], [-86.83682443959857, 36.04159669241698], [-86.8402807832072, 36.042008517638685], [-86.84197716837254, 36.04221837870813], [-86.84198952973023, 36.04221990749749], [-86.8426989088273, 36.04230298512197], [-86.8430291795839, 36.04234166265751], [-86.84384948386712, 36.042441081342346], [-86.84446160555953, 36.04251526508531], [-86.84496387504181, 36.042561840353116], [-86.84536561839552, 36.042599092712514], [-86.84536711059772, 36.04260155091992], [-86.84536859823444, 36.04260400731329], [-86.84537007818747, 36.042606463848436], [-86.84562729805732, 36.04265653081446], [-86.84717765800208, 36.042843951889786], [-86.84737372802805, 36.04286765292068], [-86.84849623526024, 36.04300333712593], [-86.84849946670889, 36.04300383620357], [-86.84850269263751, 36.043004335319985], [-86.84850592521957, 36.0430048290269], [-86.84850915769343, 36.043005322734594], [-86.8485123892026, 36.043005817328044], [-86.84851559445379, 36.04300645812409], [-86.84851883935498, 36.04300686875731], [-86.84852208654885, 36.04300728122043], [-86.84864871407318, 36.043022620163086], [-86.84865185666126, 36.04302299819561], [-86.84865500022352, 36.04302337622115], [-86.84865814389401, 36.04302375424591], [-86.84866129304707, 36.04302412871555], [-86.84866443549795, 36.04302450402352], [-86.84866757905314, 36.04302487123596], [-86.84867072922106, 36.04302523936868], [-86.84867387830569, 36.043025607421086], [-86.8486770218225, 36.04302597102924], [-86.84868016418717, 36.043026338249746], [-86.84868331535027, 36.043026698199576], [-86.84868646432052, 36.04302705552746], [-86.84868960776042, 36.04302741192724], [-86.84869275781217, 36.04302776915947], [-86.8486959067431, 36.043028122795256], [-86.84869905564591, 36.04302847379382], [-86.84870220669376, 36.043028822931106], [-86.84870535559664, 36.04302917392947], [-86.84870850553301, 36.04302952034927], [-86.84871165434862, 36.043029863172514], [-86.84871481096762, 36.04303020690774], [-86.8487179541259, 36.043030547045525], [-86.84872110291343, 36.043030887231424], [-86.84872425826397, 36.04303122367885], [-86.84872740820366, 36.043031560252246], [-86.84873055799574, 36.04303189313434], [-86.8487337143527, 36.043032222453796], [-86.8487368642146, 36.04303255173092], [-86.84874001948924, 36.0430328810578], [-86.84874316921477, 36.043033207698485], [-86.84874632442188, 36.04303353069621], [-86.84874948189169, 36.04303385271089], [-86.84875263045797, 36.0430341721509], [-86.84875578573397, 36.043034491455636], [-86.84875894198507, 36.04303481084139], [-86.84876209826746, 36.0430351230182], [-86.84876524783922, 36.043035435242246], [-86.84876840412069, 36.04303574733099], [-86.84877155916472, 36.043036055032935], [-86.84877471541812, 36.04303636448443], [-86.8487778703936, 36.04303666576928], [-86.84878102768155, 36.04303697072996], [-86.84878419046046, 36.0430372729267], [-86.84878734550672, 36.043037570694395], [-86.84879050152621, 36.04303786836727], [-86.84879365654344, 36.04303816340983], [-86.84879682032782, 36.04303845839056], [-86.84879997519833, 36.04303874982971], [-86.84880313125012, 36.043039040381366], [-86.84880629279291, 36.04303932816901], [-86.84880944990735, 36.04303961686691], [-86.84881261250341, 36.0430399019218], [-86.84881576725861, 36.04304018254843], [-86.84881892992449, 36.043040463998395], [-86.84882209907514, 36.043040744523495], [-86.84882525387104, 36.04304101882014], [-86.8488284108608, 36.04304129582645], [-86.84883157222065, 36.04304156647236], [-86.84883472798141, 36.043041839882854], [-86.84883788935069, 36.043042111407665], [-86.84884105175448, 36.04304237844173], [-86.8488442141302, 36.043042642838614], [-86.84884737660377, 36.04304290626771], [-86.84885053897858, 36.04304317057654], [-86.84885370134397, 36.04304343400625], [-86.84885686255942, 36.04304369111446], [-86.84886002481976, 36.04304394469881], [-86.84886318710824, 36.04304420092028], [-86.84886634936763, 36.04304445441661], [-86.84886951161765, 36.043044707033786], [-86.8488726805108, 36.04304495327465], [-86.84887584269421, 36.043045199650614], [-86.84887901158737, 36.04304544589126], [-86.848882172649, 36.04304568858275], [-86.84888533478372, 36.0430459303875], [-86.84888850361024, 36.043046170386795], [-86.84889166567733, 36.04304640586238], [-86.84889483553748, 36.04304664128297], [-86.84889799652228, 36.04304687676598], [-86.84890115855185, 36.043047108725204], [-86.8489043272912, 36.04304734054909], [-86.84944484785541, 36.04308648311924], [-86.84953808903542, 36.043093235359784], [-86.84954145440156, 36.04309348204402], [-86.84954481857716, 36.043093728736615], [-86.8495481905458, 36.04309397537416], [-86.84955155471104, 36.043094221099594], [-86.84955492671827, 36.043094471340986], [-86.84955829196694, 36.04309471714654], [-86.8495616639732, 36.04309496729981], [-86.84956502936865, 36.04309521670838], [-86.84956839466527, 36.04309546699671], [-86.84957176560897, 36.043095719003325], [-86.84957513096296, 36.04309597465353], [-86.84957849627939, 36.04309622678752], [-86.84958186051249, 36.04309647884109], [-86.84958523261577, 36.04309673804773], [-86.8495885902662, 36.04309699199367], [-86.84959196351012, 36.04309725664247], [-86.8495953289922, 36.04309751413727], [-86.84959869332123, 36.04309777515656], [-86.8496020653964, 36.04309803172564], [-86.84960543082764, 36.04309829458301], [-86.84960879517742, 36.04309855753585], [-86.84961215403538, 36.043098823164634], [-86.84961552617736, 36.04309908597441], [-86.84961889164721, 36.04309935243542], [-86.84962225601588, 36.04309961714597], [-86.84962562160432, 36.043099884573], [-86.84962898712217, 36.04310015551675], [-86.84963235271066, 36.04310042294364], [-86.84963571710861, 36.043100690378736], [-86.8496390826556, 36.04310096404725], [-86.84964244830154, 36.04310123683587], [-86.84964581272767, 36.04310150690781], [-86.84964917831425, 36.04310178426798], [-86.84965254276962, 36.0431020570647], [-86.84965590842499, 36.04310233073201], [-86.8496592740116, 36.04310260809187], [-86.84966263298548, 36.04310288453126], [-86.84966599853271, 36.04310315819902], [-86.84966936309438, 36.0431034409283], [-86.84967272881754, 36.043103720924165], [-86.84967609335007, 36.04310400092831], [-86.84967945900357, 36.043104284528674], [-86.84968281809414, 36.043104571867524], [-86.84968618258826, 36.043104848267355], [-86.84968954948977, 36.04310513722116], [-86.84969290073848, 36.043105420043645], [-86.84969627311312, 36.04310570456323], [-86.84969963880526, 36.04310599176712], [-86.8497029968033, 36.04310627814605], [-86.84970636145162, 36.04310656896136], [-86.84970972727089, 36.04310685792231], [-86.84971308633052, 36.04310715246901], [-86.84971645107781, 36.04310744240429], [-86.8497198113271, 36.04310773685458], [-86.84972318256864, 36.04310802674386], [-86.84972653512382, 36.04310832036915], [-86.84972990088295, 36.04310861381327], [-86.84973325898736, 36.0431089101244], [-86.84973662482449, 36.04310921086426], [-86.84973998292898, 36.0431095071752], [-86.84974334215343, 36.043109806994536], [-86.84974670689887, 36.04311010686277], [-86.84975006613374, 36.043110407648854], [-86.84975342526033, 36.04311070843558], [-86.84975679123502, 36.04311101189912], [-86.84976015707238, 36.04311131263838], [-86.84976350195979, 36.04311161800865], [-86.8497668745755, 36.043111925029386], [-86.84977023387721, 36.043112232056004], [-86.84977359089753, 36.04311253830747], [-86.8497769501993, 36.04311284533387], [-86.84978030953116, 36.0431131551731], [-86.84978366886209, 36.04311346492435], [-86.84978703476733, 36.04311377199188], [-86.84979039302631, 36.0431140827175], [-86.8497937524344, 36.043114399676455], [-86.84979711168639, 36.04311471215309], [-86.84980047001311, 36.04311502920744], [-86.84980382830037, 36.04311534256979], [-86.84980718098944, 36.04311565878459], [-86.84981054700013, 36.04311597569656], [-86.84981390532694, 36.04311629275055], [-86.84981726477376, 36.043116613312925], [-86.8498206241727, 36.04311692939214], [-86.8498239836882, 36.04311725637119], [-86.84982734192566, 36.04311757518365], [-86.84983070141114, 36.04311789934963], [-86.84983405308483, 36.04311822181245], [-86.84983741147859, 36.04311854510686], [-86.84984077207658, 36.04311887207786], [-86.84984413042244, 36.04311919088909], [-86.8498474898675, 36.04311952138439], [-86.84985084169743, 36.04311984832903], [-86.84985420113316, 36.0431201779451], [-86.84985756070627, 36.043120510285384], [-86.84986091245719, 36.043120839955485], [-86.84986427095743, 36.043121173182165], [-86.84986763057854, 36.043121510005214], [-86.84987098341193, 36.0431218396674], [-86.84987433519213, 36.0431221720621], [-86.84987768817238, 36.04312250532737], [-86.84988105435747, 36.04312283849945], [-86.84988441291516, 36.04312317708767], [-86.84988776585494, 36.04312351668239], [-86.84989111770297, 36.04312385540569], [-86.84989447738164, 36.043124197590025], [-86.84989782920059, 36.04312453358807], [-86.84990118889905, 36.043124877618226], [-86.84990454184835, 36.04312521809156], [-86.84990790045516, 36.04312556125008], [-86.84991125345248, 36.04312590620627], [-86.84991460546622, 36.04312625029019], [-86.84991796511491, 36.043126599770574], [-86.84992131715792, 36.043126946579285], [-86.84992466913124, 36.043127296992736], [-86.84992802217661, 36.04312764643151], [-86.8499313819045, 36.043127993185784], [-86.8499347339071, 36.0431283463239], [-86.84993808696196, 36.043128696641396], [-86.84994143892601, 36.04312904617536], [-86.84994479211925, 36.043129399304824], [-86.84994814523253, 36.043129755072044], [-86.84995149726345, 36.04313011084679], [-86.84995485047556, 36.04313046573405], [-86.8499582025075, 36.043130821596534], [-86.84996155562085, 36.04313117736338], [-86.84996490882166, 36.04313154130512], [-86.84996826098072, 36.043131898924585], [-86.84997161306912, 36.04313226006089], [-86.8499749662315, 36.043132620398325], [-86.84997831832091, 36.04313298162231], [-86.84998167038128, 36.04313334012124], [-86.84998502483019, 36.04313370941607], [-86.84998837697799, 36.04313407608977], [-86.84999172359545, 36.0431344418354], [-86.84999507574236, 36.04313480842101], [-86.84999842898203, 36.04313517596583], [-86.85000178005608, 36.043135543437884], [-86.85000512781427, 36.04313591462548], [-86.8500084800102, 36.043136285781685], [-86.85001183340619, 36.04313665780842], [-86.85001517889997, 36.04313702980288], [-86.85001853234492, 36.043137406400355], [-86.85002188333063, 36.0431377757186], [-86.85002522346156, 36.04313815232195], [-86.85002859011989, 36.04313852961712], [-86.85003192902175, 36.04313890262463], [-86.85003528246686, 36.04313927922165], [-86.85003862800973, 36.043139655786426], [-86.85004198145396, 36.04314003229534], [-86.85004532711255, 36.043140419672], [-86.85004867387525, 36.0431407989531], [-86.85005202621548, 36.04314118355721], [-86.85005537193443, 36.043141566449776], [-86.85005871874523, 36.04314195021366], [-86.85006207112501, 36.04314233850938], [-86.8500654167359, 36.043142721402425], [-86.85006876466765, 36.04314310876238], [-86.85007211043475, 36.04314349613748], [-86.85007546282405, 36.04314388531197], [-86.85007880861097, 36.04314427453287], [-86.85008215538144, 36.043144664625814], [-86.85008550121637, 36.04314505832962], [-86.85008884033026, 36.04314545111367], [-86.85009219391976, 36.04314584115826], [-86.85009554076746, 36.04314623845892], [-86.85009888767549, 36.043146631275654], [-86.85010223351054, 36.043147024978985], [-86.8501055792948, 36.04314742404506], [-86.8501089262217, 36.04314781861952], [-86.85011227211518, 36.04314821777258], [-86.85011561909013, 36.043148616829974], [-86.85011896488484, 36.04314901686256], [-86.85012231191816, 36.04314942136977], [-86.85012565111046, 36.04314982144874], [-86.85012899706146, 36.04315022596342], [-86.85013235064935, 36.043150625940626], [-86.85013568988975, 36.04315103050244], [-86.85013902918755, 36.04315144042624], [-86.85014237625018, 36.043151847657825], [-86.85014572222015, 36.043152253930046], [-86.85014906151898, 36.04315266394143], [-86.85015240742969, 36.04315307478521], [-86.85015575452067, 36.04315348465354], [-86.85015909381963, 36.043153894664634], [-86.85016244092007, 36.04315430541181], [-86.85016578805069, 36.043154718971806], [-86.85016912736847, 36.043155130740686], [-86.85017246672493, 36.04315554611352], [-86.85017580717316, 36.04315596235761], [-86.85017915324035, 36.04315637768291], [-86.85018249259686, 36.04315679305548], [-86.85018583981416, 36.043157214701985], [-86.85018918034906, 36.04315763903278], [-86.85019251968686, 36.04315805264699], [-86.85019585799031, 36.04315847075179], [-86.85019920523598, 36.043158895035006], [-86.85020254580112, 36.043159322178326], [-86.850205884162, 36.043159745644935], [-86.8502092248345, 36.04316017269942], [-86.85021256431732, 36.04316059985015], [-86.85021590484308, 36.04316102330118], [-86.85021925103577, 36.04316145031651], [-86.85022259055629, 36.04316188098305], [-86.85022593112166, 36.043162308125694], [-86.85022927063294, 36.0431627379131], [-86.85023260354176, 36.04316316774689], [-86.85023594308223, 36.04316360025905], [-86.85023928371446, 36.04316403364247], [-86.85024263001364, 36.04316447059013], [-86.85024596392593, 36.04316490314167], [-86.8502493035145, 36.04316534013651], [-86.85025264317277, 36.043165773526454], [-86.85025597601219, 36.04316620696441], [-86.85025931671235, 36.0431666466763], [-86.85026265752082, 36.04316708638733], [-86.85026599716694, 36.04316752874381], [-86.85026932899184, 36.04316796851801], [-86.8502726709505, 36.04316841455014], [-86.85027600384751, 36.04316885334964], [-86.85027934350411, 36.04316929667263], [-86.85028268318989, 36.04316974272049], [-86.85028601624322, 36.04317018600198], [-86.85028935703117, 36.043170633888046], [-86.85029269013349, 36.04317108174028], [-86.85029602314634, 36.04317153135129], [-86.85029936410001, 36.043171984598374], [-86.85030269705564, 36.04317242884708], [-86.85030603018721, 36.043172879423985], [-86.85030937102248, 36.04317333170463], [-86.85031270297291, 36.043173783168754], [-86.85031603614317, 36.043174237349376], [-86.85031937699829, 36.04317469147567], [-86.850322710178, 36.04317514653515], [-86.85032604446928, 36.04317560431187], [-86.85032937756061, 36.043176061217885], [-86.85033271078844, 36.04317652076013], [-86.85033605062904, 36.04317698122263], [-86.8503393771566, 36.04317744177898], [-86.8503427114669, 36.04317790131327], [-86.850346044597, 36.04317836182286], [-86.85034937895531, 36.04317882584008], [-86.85035271223231, 36.04317928995272], [-86.85035604535211, 36.04317974949506], [-86.85035937864798, 36.043180215365595], [-86.85036271302715, 36.04318068131627], [-86.85036604513246, 36.043181147195014], [-86.85036937283867, 36.043181616708985], [-86.85037270613465, 36.04318208257915], [-86.85037603938076, 36.04318255389992], [-86.85037937381657, 36.043183025124335], [-86.8503827004509, 36.04318349561251], [-86.85038603385335, 36.04318397141534], [-86.85038936049719, 36.04318444278237], [-86.85039269381026, 36.04318492034377], [-86.85039603378604, 36.0431853933748], [-86.85039935388494, 36.04318587015019], [-86.85040268729796, 36.04318634691949], [-86.85040601512027, 36.043186827244526], [-86.8504093418217, 36.043187303973085], [-86.85041267635476, 36.04318778425055], [-86.85041600306663, 36.04318826194584], [-86.85041933640919, 36.043188742231536], [-86.8504226631879, 36.04318922616777], [-86.85042598998643, 36.04318971194986], [-86.85042931676526, 36.04319019588591], [-86.8504326502933, 36.0431906833785], [-86.85043597706276, 36.043191166435356], [-86.8504393038803, 36.04319165397512], [-86.8504426306884, 36.043192140635796], [-86.85044595862784, 36.04319263185971], [-86.85044928554429, 36.0431931185194], [-86.85045261238075, 36.0431936078169], [-86.85045594032971, 36.043194099919496], [-86.85045926720579, 36.043194592908776], [-86.85046259407153, 36.04319508493094], [-86.85046592094764, 36.04319557791996], [-86.85046924784261, 36.04319607266696], [-86.85047257476683, 36.043196570138825], [-86.85047589509804, 36.04319706853625], [-86.85047922203265, 36.04319756697494], [-86.85048255004871, 36.04319806531796], [-86.8504858759095, 36.04319856455516], [-86.85048919615242, 36.043199064798976], [-86.8504925165421, 36.04319956864595], [-86.85049585009818, 36.043200068795606], [-86.85049917156003, 36.04320057166775], [-86.85050249746993, 36.04320107547551], [-86.85050581894221, 36.043201579314456], [-86.85050914593364, 36.04320208302646], [-86.85051246624457, 36.04320258959857], [-86.85051579449437, 36.04320309963107], [-86.85051911373243, 36.04320360708969], [-86.8505224340726, 36.043204116386505], [-86.85052576117994, 36.04320463091016], [-86.85052908163786, 36.043205141085124], [-86.85053240197722, 36.04320565029381], [-86.85053572919388, 36.04320616490428], [-86.85053905067402, 36.04320667955513], [-86.85054237116977, 36.04320719324585], [-86.8505456915582, 36.04320770702514], [-86.85240454608858, 36.0434965140544], [-86.85350715221998, 36.043667814523666], [-86.85381332210427, 36.04370623125639], [-86.85648918728295, 36.04404195328499], [-86.85666825869778, 36.04406441713661], [-86.85683006835787, 36.0440847158771], [-86.85750942585422, 36.04416993889985], [-86.85776284233891, 36.04420172779113], [-86.8588018795729, 36.04433206170588], [-86.85883305239255, 36.04414899326189], [-86.85985078327163, 36.04428217118802]]]}, "properties": {"OBJECTID": 403, "NAME": "BRENTWOOD", "COUNTY_ID": null}}]}